Go.,Va.
Hi.,Salut.
Hi!,Salut!
Run!,Cours!
Run!,Courez!
Run.,Cours.
Who?,Qui?
Wow!,Ca alors!
Fire!,Au feu!
Help!,A l'aide!
Jump.,Saute.
Stop!,Ca suffit!
Stop!,Stop!
Stop!,Arrete-toi!
Wait!,Attends!
Wait!,Attendez!
Go on.,Continuez.
Go on.,Poursuivez.
Hello!,Salut!
I see.,Je vois.
I try.,J'essaye.
I won!,J'ai gagne!
I won!,Je l'ai emporte!
I won.,J'ai gagne.
Oh no!,Oh non!
Attack!,Attaquez!
Cheers!,Sante!
Cheers!,À votre sante!
Cheers!,Merci!
Cheers!,Tchin-tchin!
Get up.,Lève-toi.
Go now.,Va maintenant.
Go now.,Allez-y maintenant.
Go now.,Vas-y maintenant.
Got it!,J'ai pigé!
Got it!,Compris!
Got it?,Pigé?
Got it?,Compris?
Got it?,T'as capté?
Hop in.,Monte.
Hop in.,Montez.
Hug me.,Serre-moi dans tes bras!
Hug me.,Serrez-moi dans vos bras!
I fell.,Je suis tombée.
I fell.,Je suis tombé.
I know.,Je sais.
I left.,Je suis parti.
I left.,Je suis partie.
I lied.,J'ai menti.
I lost.,J'ai perdu.
I paid.,J'ai payé.
I'm 19.,J'ai 19 ans.
I'm OK.,Je vais bien.
I'm OK.,Ça va.
Listen.,Ecoutez!
No way!,C'est pas possible!
No way!,Impossible!
No way!,En aucun cas.
No way!,Sans façons!
No way!,C'est hors de question!
No way!,Il n'en est pas question!
No way!,C'est exclu!
No way!,En aucune manière!
No way!,Hors de question!
No way!,Pas question!
Come in.,Entre.
Come in.,Entre!
Come in.,Entrez!
Come on!,Allez!
Come on.,Venez!
Really?,Vraiment?
Really?,Vrai?
Really?,Ah bon?
Thanks.,Merci!
We try.,On essaye.
We won.,Nous avons gagné.
We won.,Nous gagnâmes.
We won.,Nous l'avons emporté.
We won.,Nous l'emportâmes.
Ask Tom.,Demande à Tom.
Awesome!,Fantastique!
Be calm.,Sois calme!
Be calm.,Soyez calme!
Be calm.,Soyez calmes!
Be cool.,Sois détendu!
Be fair.,Sois juste!
Be fair.,Soyez juste!
Be fair.,Soyez justes!
Be fair.,Sois équitable!
Be fair.,Soyez equitable!
Be fair.,Soyez equitables!
Be kind.,Sois gentil.
Be nice.,Sois gentil!
Be nice.,Sois gentille!
Be nice.,Soyez gentil!
Be nice.,Soyez gentille!
Be nice.,Soyez gentils!
Be nice.,Soyez gentilles!
Beat it.,Dégage!
Call me.,Appelle-moi!
Call me.,Appellez-moi!
Call me.,Téléphone moi.
Call me.,Téléphonez moi.
Call us.,Appelle-nous!
Call us.,Appelez-nous!
Call us.,Téléphone nous.
Call us.,Téléphonez nous.
Come in.,Entrez!
Drop it!,Laisse tomber!
Drop it!,Laissez tomber!
Drop it!,Laisse-le tomber!
Drop it!,Laissez-le tomber!
Get Tom.,Va chercher Tom.
Get out!,Sortez!
Get out!,Sors!
Get out!,Sortez!
Get out.,Sors.
Get out.,Casse-toi.
Go away!,Dégage!
Go away!,Pars!
Go away.,Va te faire foutre!
Go away.,Dégage!
Go away.,Fous le camp!
Go away.,Pars d'ici.
Go away.,Casse toi d'ici.
Go away.,Va t'en!
Go away.,Disparais!
Go away.,Allez-vous en!
Go home.,Rentrez à la maison.
Go home.,Rentre à la maison.
Go home.,Rentre chez toi.
Go home.,Rentrez chez vous.
Go slow.,Va doucement!
Go slow.,Allez doucement!
Goodbye!,Adieu!
Goodbye!,À la revoyure.
Hang on!,Attends un peu!
Hang on!,Attendez un peu!
Hang on.,Tiens bon!
Hang on.,Tenez bon!
He quit.,Il laissa tomber.
He quit.,Il a laissé tomber.
He runs.,Il court.
Help me!,Aide-moi!
Help me.,Aide-moi.
Help me.,Aidez-moi.
Help us.,Aidez-nous!
Help us.,Aide-nous!
Hold it!,Ne bouge plus!
Hold on.,Ne quittez pas.
Hug Tom.,Fais un calin à Tom.
I agree.,Je suis du même avis.
I cried.,J'ai pleuré.
I dozed.,Je me suis assoupi.
I dozed.,Je me suis assoupie.
I drive.,Je conduis.
I smoke.,Je fume.
I snore.,Je ronfle.
I stink.,Je pue.
I stood.,Je me suis tenu debout.
I stood.,Je me suis tenue debout.
I swore.,J'ai promis.
I swore.,J'ai juré.
I tried.,J'essayai.
I tried.,J'ai essayé.
Keep it.,Garde-le!
I'm Tom.,Je suis Tom.
I'm fat.,Je suis gras.
I'm fat.,Je suis gros.
I'm fit.,Je suis en forme.
I'm hit!,Je suis touche!
I'm hit!,Je suis touchée!
I'm ill.,Je suis malade.
I'm sad.,Je suis triste.
I'm shy.,Je suis timide.
I'm wet.,Je suis mouillé.
Join us.,Joignez-vous.
Join us.,Joignez-vous à nous.
Keep it.,Gardez-le!
Kiss me.,Embrasse-moi.
Kiss me.,Embrassez-moi.
Me too.,Moi aussi.
Open up.,Ouvre-moi!
Open up.,Ouvre.
Perfect!,Parfait!
See you!,À plus tard!
See you!,À bientôt!
See you!,A la prochaine!
See you.,À plus.
Show me.,Montre-moi!
Show me.,Montrez-moi!
Shut up!,Taisez-vous!
Shut up!,Ferme-la!
Shut up!,Tais-toi!
Shut up!,Ferme-la!
Shut up!,La ferme!
Skip it.,Pas grave.
So long.,À plus tard!
Take it.,Prends-le!
Take it.,Prenez-le!
Tell me.,Dis-moi!
Tell me.,Dites-moi!
Tom won.,Tom a gagné.
Wake up!,Réveille-toi!
Wake up!,Réveille-toi!
Wake up.,Réveille-toi!
Wake up.,Réveillez-vous!
Wash up.,Lave-toi!
Wash up.,Lavez-vous!
We know.,Nous savons.
I know.,Je sais.
We lost.,Nous perdîmes.
We lost.,Nous avons perdu.
We lost.,Nous fûmes battus.
We lost.,Nous fûmes battues.
We lost.,Nous fûmes défaits.
We lost.,Nous fûmes défaites.
We lost.,Nous avons été défaits.
We lost.,Nous avons été défaites.
We lost.,Nous avons été battus.
We lost.,Nous avons été battues.
Welcome.,Bienvenue!
Who won?,Qui a gagné?
Who won?,Qui l'a emporté?
You run.,Tu cours.
Am I fat?,Suis-je gros ?
Am I fat?,Suis-je grosse ?
Ask them.,Demande-leur.
Ask them.,Demandez-leur.
Back off!,Recule!
Back off!,Reculez.
Back off.,Recule!
Back off.,Reculez.
Back off.,Retire-toi!
Back off.,Retirez-vous.
Be a man.,Sois un homme!
Be a man.,Soyez un homme!
Be still.,Sois calme!
Be still.,Soyez calme!
Be still.,Soyez calmes!
Beats me.,Aucune idée.
Beats me.,J'en sais foutre rien.
Call Tom.,Appelle Tom.
Call Tom.,Appelez Tom.
Cheer up!,Courage!
Cool off!,Détends-toi!
Cuff him.,Menottez-le.
Drive on.,Avance!
Drive on.,Avancez!
Drive on.,Avancez!
Drive on.,Continue à rouler!
Fix this.,Répare ça.
Get down!,Lâche-toi!
Get down.,Descendez!
Get down.,Lâche-toi!
Get lost!,Va voir ailleurs si j'y suis!
Get lost!,Dégage!
Get lost!,Va au diable!
Get real!,Sois réaliste!
Go ahead!,Passe devant!
Go ahead!,Vas-y!
Go ahead.,Poursuis!
Go ahead.,Passe devant!
Good job!,Bien joué!
Good job!,Bon boulot!
Good job!,Beau travail!
Have fun.,Amuse-toi bien!
Have fun.,Amusez-vous bien!
He's wet.,Il est mouillé.
Help Tom.,Aide Tom.
Help Tom.,Aidez Tom.
How cute!,Comme c'est mignon!
How nice!,Comme c'est chouette!
How nice!,Comme c'est gentil!
How nice!,C'est du joli!
How nice!,Comme c'est agréable!
Hurry up.,Dépêche-toi.
Hurry up.,Grouille!
Hurry up.,Pressez-vous!
Hurry up.,Fiça!
I did it.,C'est moi qui l'ai fait.
I failed.,J'ai échoué.
I get it.,J'ai compris.
I got it.,J'ai capté.
I helped.,J'ai aidé.
I moaned.,J'ai râlé.
I nodded.,J'ai fait signe de la tête.
I phoned.,Je téléphonai.
I phoned.,J'ai téléphoné.
I refuse.,Je refuse.
I refuse.,Je le refuse.
I rested.,Je me suis reposé.
I rested.,Je me suis reposée.
I saw it.,Je l'ai vu.
I sighed.,J'ai soupiré.
I stayed.,Je suis resté.
I stayed.,Je suis restée.
I use it.,Je l'utilise.
I use it.,J'en fais usage.
I use it.,Je m'en sers.
I'll try.,Je vais essayer.
I'll try.,J'essaierai.
I'm back.,Je suis revenu.
I'm back.,Me revoilà.
I'm busy.,Je suis occupé.
I'm busy.,Je suis occupée.
I'm cold.,J'ai froid.
I'm cool.,Je suis détendu.
I'm deaf.,Je suis sourd.
I'm deaf.,Je suis sourde.
I'm fair.,Je suis juste.
I'm fair.,J'ai la peau claire.
I'm fine.,Ça va.
I'm free.,Je suis libre.
I'm full.,Je suis rassasié!
I'm game.,Je suis de la partie.
I'm lazy.,Je suis paresseux.
I'm lazy.,Je suis fainéant.
I'm lazy.,Je suis paresseuse.
I'm lazy.,Je suis fainéante.
I'm okay.,Je me porte bien.
I'm sure.,J'en suis certain.
I'm sure.,Je suis certain.
I'm sure.,J'en suis sûr.
I'm tidy.,Je suis ordonné.
I'm tidy.,Je suis ordonnée.
I'm ugly.,Je suis laide.
I'm well.,Je me porte bien.
I've won.,Je l'ai emporté.
It's fun.,C'est rigolo.
It's fun.,C'est amusant.
It's his.,C'est la sienne.
It's new.,C'est neuf.
Keep out!,Défense d'entrer.
Kiss Tom.,Embrasse Tom.
Leave us.,Laisse-nous!
Leave us.,Laissez-nous!
Look out!,Regarde donc!
Marry me.,Épousez-moi!
Save Tom.,Sauvez Tom.
Sit down!,Asseyez-vous!
Sit down.,Assieds-toi.
Sit here.,Asseyez-vous ici.
Speak up!,Parlez plus fort!
Stop Tom.,Stoppez Tom.
Taste it.,Goûte-la.
Taste it.,Goûtez-le.
Taste it.,Goûtez-la.
Terrific!,Génial!
Terrific!,Excellent!
They won.,Ils gagnèrent.
They won.,Elles gagnèrent.
They won.,Elles ont gagné.
Tom died.,Tom est mort.
Tom left.,Tom est parti.
Tom left.,Tom partit.
Tom lies.,Tom ment.
Tom lost.,Tom a perdu.
Tom paid.,Tom a payé.
Too late.,Trop tard.
Trust me.,Fais-moi confiance.
Try some.,Essayez-en!
Try this.,Essayez ceci!
Use this.,Utilisez ceci.
Use this.,Emploie ceci!
Use this.,Employez ceci!
Warn Tom.,Préviens Tom.
Watch me.,Regardez-moi!
Watch us.,Regardez-nous!
Watch us.,Regarde-nous!
We'll go.,Nous irons.
What for?,À quoi bon?
Who quit?,Qui démissionne?
Who's he?,Qui est-il?
Write me.,Écrivez-moi!
You lost.,Vous avez perdu.
After you.,Après vous.
Aim. Fire!,En joue! Feu!
Am I late?,Suis-je en retard?
Answer me.,Répondez-moi.
Be seated.,Assieds-toi!
Be seated.,Asseyez-vous!
Birds fly.,Les oiseaux volent.
Bless you.,À tes souhaits!
Call home!,Appelle à la maison!
Calm down!,Calmez-vous!
Calm down.,Calme-toi.
Can we go?,Pouvons-nous partir?
Can we go?,Pouvons-nous y aller?
Catch Tom.,Attrapez Tom.
Catch him.,Rattrape-le.
Chill out.,Calme-toi.
Come back.,Reviens!
Come back.,Revenez!
Come here.,Viens ici.
Come here.,Venez là.
Come over!,Venez!
Come over.,Venez ici!
Come over.,Viens chez nous!
Come over.,Venez chez nous!
Come over.,Viens chez moi!
Come over.,Venez chez moi!
Come soon.,Viens bientôt!
Come soon.,Venez bientôt!
Did I win?,L'ai-je emporté?
Did I win?,Est-ce moi qui ai gagné?
Dogs bark.,Des chiens aboient.
Dogs bark.,Les chiens aboient.
Don't cry.,Ne pleure pas!
Don't die.,Ne meurs pas!
Don't die.,Ne mourez pas!
Don't run.,Ne courez pas.
Don't run.,Ne cours pas.
Excuse me.,Excusez-moi.
Excuse me?,Pardon?
Excuse me?,Plaît-il?
Excuse me?,Plait-il?
Excuse me?,Pardon?
Fantastic!,Fantastique!
Feel this.,Sens ça!
Feel this.,Sentez ça!
Feel this.,Touche ça!
Feel this.,Touchez ça!
Follow me.,Suis-moi.
Follow us.,Suis-nous!
Follow us.,Suivez-nous!
Forget it!,Oublie!
Forget it!,Oublie-le!
Forget it!,Oubliez!
Forget it!,Oubliez-le!
Forget it.,Laisse tomber.
Forget it.,Oublie-le!
Get a job.,Trouve un emploi!
Get a job.,Trouve un boulot!
Get a job.,Trouvez un emploi!
Get ready.,Prépare-toi.
Get ready.,Préparez-vous.
Go get it.,Allez le chercher!
Go inside.,Entrez!
Go to bed.,Va au lit!
Go to bed.,Allez au lit!
Good luck.,Bonne chance!
Good luck.,Bonne chance.
Grab that.,Attrape ça!
Grab that.,Attrapez ça!
Grab that.,Saisis-toi de ça!
Grab that.,Saisissez-vous de ça!
Grab this.,Attrape ça!
Grab this.,Attrapez ça!
Hands off.,Pas touche!
He is ill.,Il est malade.
He is old.,Il est vieux.
He's a DJ.,Il est DJ.
He's good.,Il est bon.
He's lazy.,Il est paresseux.
He's rich.,Il est riche.
He's sexy.,Il est sexy.
Here I am.,Me voici.
Here's $5.,Voilà cinq dollars.
Hold fire.,Halte au feu!
Hold fire.,Cessez le feu!
Hold this.,Tiens ça!
Hold this.,Tenez ça!
Hold this.,Tenez ceci!
Hold this.,Tiens ceci!
How awful!,C'est affreux!
How weird!,Comme c'est bizarre!
How's Tom?,Comment va Tom?
I am cold.,J'ai froid.
I am good.,Je suis bon.
I am okay.,Je vais bien.
I am sick.,Je suis malade.
I am sure.,Je suis sûr.
I am sure.,Je suis certain.
I beg you.,Je vous en conjure.
I beg you.,Je vous en supplie.
I beg you.,Je te prie.
I can run.,Je sais courir.
I can ski.,Je sais skier.
I cringed.,J'eus un mouvement de recul.
I cringed.,J'ai eu un mouvement de recul.
I cringed.,Je suis rentré en moi-même.
I gave up.,J'ai abandonné.
I give in.,Je donne ma langue au chat.
I give up.,J'abandonne.
I got hot.,Je me suis mis à avoir chaud.
I got hot.,Je me suis mise à avoir chaud.
I had fun.,Je me suis amusé.
I had fun.,Je me suis amusée.
I had fun.,Je me suis marré.
I had fun.,Je me suis marrée.
I hate it.,Je déteste ça.
I have it.,Je l'ai.
I hit Tom.,J'ai frappé Tom.
I hope so.,J'espère bien.
I hurried.,Je me suis dépêché.
I hurried.,Je me suis dépêchée.
I inhaled.,J'ai inspiré.
I knew it.,Je le savais.
I like it.,J'aime ça.
I lost it.,Je l'ai perdu.
I love it!,J'adore ça!
I love it.,J'adore ça!
I mean it!,Je suis sérieux!
I mean it.,Je suis sérieux.
I must go.,Je dois y aller.
I must go.,Il faut que j'y aille.
I must go.,Il me faut y aller.
I must go.,Il me faut partir.
I must go.,Il me faut m'en aller.
I must go.,Je dois partir.
I must go.,Je dois m'en aller.
I must go.,Il faut que je m'en aille.
I need it.,J'en ai besoin.
I need it.,Il me le faut.
I noticed.,J'ai remarqué.
I prepaid.,J'ai payé d'avance.
I promise.,Je le promets.
I relaxed.,Je me suis détendu.
I relaxed.,Je me suis détendue.
I retired.,J'ai pris ma retraite.
I said no.,J'ai dit non.
I said so.,Je l'ai dit.
I saw him.,Je l'ai vu.
I saw him.,Je le vis.
I saw one.,J'en ai vu une.
I saw one.,J'en ai vu un.
I saw you.,Je vous vis.
I saw you.,Je te vis.
I saw you.,Je t'ai vue.
I saw you.,Je t'ai vu.
I saw you.,Je vous ai vues.
I shouted.,J'ai crié.
I tripped.,J'ai trébuché.
I tripped.,J'ai plané.
I tripped.,J'ai trébuché.
I tripped.,J'ai plané.
I want it.,Je le veux.
I was new.,J'étais nouveau.
I was new.,J'étais nouvelle.
I will go.,J'irai.
I woke up.,Je me suis éveillé.
I'd agree.,Je serais d'accord.
I'd leave.,Je partirais.
I'll call.,J'appellerai.
I'll cook.,Je cuisinerai.
I'll help.,J'aiderai.
I'll live.,Je vivrai.
I'll obey.,J'obéirai.
I'll obey!,J'obéirai!
I'll pack.,Je ferai mon sac.
I'll pack.,Je ferai ma valise.
I'll pack.,Je plierai mes gaules.
I'll pass.,Je passerai.
I'll walk.,Je marcherai.
I'll quit.,J'abandonnerai.
I'll stop.,J'arrêterai.
I'll swim.,Je nagerai.
I'll talk.,Je parlerai.
I'll talk.,Je vais parler.
I'll wait.,J'attendrai.
I'll work.,Je vais travailler.
I'll work.,Je travaillerai.
I'm a cop.,Je suis flic.
I'm a man.,Je suis un homme.
I'm alive.,Je suis en vie.
I'm alive.,Je suis vivant.
I'm alive.,Je suis vivante.
I'm alone.,Je suis seule.
I'm alone.,Je suis seul.
I'm angry.,Je suis énervé.
I'm armed.,Je suis armé.
I'm armed.,Je suis armée.
I'm awake.,Je suis réveillé.
I'm blind.,Je suis aveugle.
I'm broke.,Je suis fauché.
I'm clean.,J'ai décroché.
I'm clean.,Je suis propre.
I'm crazy.,Je suis fou.
Are you crasy?,Tu es fou?
Are you crasy?,Tu es folle?
I'm crazy.,Je suis folle.
I'm cured.,Je suis guéri.
I'm cured.,Je suis guérie.
I'm dizzy.,J'ai la tête qui tourne.
I'm drunk.,Je suis saoul.
I'm drunk.,Je suis soûl.
I'm drunk.,Je suis ivre.
I'm dying.,Je me meurs.
I'm early.,Je suis en avance.
I'm lucky.,Je suis veinard.
I'm lucky.,Je suis veinarde.
I'm lucky.,J'ai du pot.
I'm lucky.,Je suis chanceux.
I'm lucky.,Je suis chanceuse.
I'm lying.,Je suis en train de mentir.
I'm naked.,Je suis nu.
I'm naked.,Je suis nue.
I'm naked.,Je me trouve nu.
I'm naked.,Je me trouve nue.
I'm quiet.,Je suis tranquille.
I'm ready!,Je suis prête!
I'm ready!,Je suis prêt!
I'm ready.,Je suis prêt.
I'm right.,J'ai raison.
I'm sober.,Je suis sobre.
I'm sorry.,Excuse-moi.
I'm sorry.,Désolé.
I'm sorry.,Excusez-moi.
I'm sorry.,Désolé!
I'm sorry.,Je suis désolé.
I'm sorry.,Je suis désolée.
I'm stuck.,Je suis coincée.
I'm timid.,Je suis timide.
I'm tired.,Je suis fatigué!
I'm tough.,Je suis dur.
I'm tough.,Je suis dure.
I'm tough.,Je suis dur à cuire.
I'm tough.,Je suis dure à cuire.
I'm yours.,Je suis à toi.
I'm yours.,Je suis à vous.
I've lost.,J'ai perdu.
Is Tom OK?,Est-ce que Tom va bien?
Is Tom OK?,Tom va-t-il bien?
Is it bad?,C'est grave?
Is it far?,Est-ce éloigné?
Is it you?,Est-ce vous?
Is it you?,Est-ce que c'est vous?
It failed.,Ça a échoué.
It is new.,C'est nouveau.
It is new.,C'est neuf.
It snowed.,Il a neigé.
It stinks.,Ça pue.
Let it be.,Ainsi soit-il.
Hello!,Bonjour!
I see.,Je comprends.
Attack!,Attaque!
Look at me.,Regarde moi.
Talk to Tom.,Parle a Tom.
Tell me.,Dis moi.
Find Tom.,Trouve Tom.
Find Tom.,Trouvez Tom.
Fix this.,Réparez ceci. 
Get down.,Descends!
Get down.,Lâchez-vous!
Get lost!,Casse toi!
Grab him.,Attrape-le.
He tries.,Il essaye.
Hi guys.,Salut les mecs!
How deep?,Quelle profondeur?
I did OK.,Je m'en suis bien sorti.
I did it.,Je l'ai fait.
I forgot.,J'ai oublié.
I jumped.,J'ai sauté.
I looked.,J'ai regardé.
I obeyed.,J'ai obéi.
I talked.,J'ai parlé.
I'll pay.,Je paierai.
I'm bald.,Je suis chauve.
I'm calm.,Je suis calme.
I'm done.,J'en ai fini.
Let it be.,Laisse faire.
Let me go!,Laisse-moi partir!
Let me go!,Laissez-moi partir!
Let me go!,Lâche-moi!
Let me go!,Lâchez-moi!
Let me go!,Laisse-moi m'en aller!
Let me go!,Laissez-moi m'en aller!
Let me go!,Laissez-moi y aller!
Let me go!,Laisse-moi y aller!
Let me go.,Laisse-moi partir!
Let me go.,Laissez-moi partir!
Let me go.,Laisse-moi m'en aller!
Let me go.,Laissez-moi m'en aller!
Let me in.,Laissez-moi rentrer.
Let me in.,Laissez-moi entrer.
Let's ask.,Demandons.
Let's eat.,Mangeons.
Let's see.,Voyons voir!
Lie still.,Reste allongé immobile!
Lie still.,Reste allongée immobile!
Lie still.,Restez allongé immobile!
Lie still.,Restez allongée immobile!
Lie still.,Restez allongés immobiles!
Lie still.,Restez allongées immobiles!
Look away.,Regardez ailleurs.
Look back!,Regarde derrière toi!
Look back!,Regarde derrière!
Look here.,Regarde ici.
Look here.,Regardez ici.
Loosen up.,Échauffe-toi!
Loosen up.,Échauffez-vous!
Loosen up.,Détends-toi!
Loosen up.,Laisse-toi aller!
Move over.,Bouge de là.
Move over.,Poussez-vous.
Move over.,Pousse-toi.
Nice shot!,Joli coup!
Of course!,Pour sûr.
Of course!,Mais ouais!
Of course!,Pardi!
Of course.,Bien sûr.
Of course.,Pour sûr.
Oh please!,Je vous en prie!
Oh please!,Je t'en prie!
Pardon me?,Pardon?
Pardon me?,Je vous demande pardon?
Pardon me?,Plaît-il?
Say hello.,Dis bonjour.
See above.,Voyez ci-dessus.
See below.,Voyez ci-dessous.
See below.,Voir ci-dessous.
Seize him!,Capturez-le!
Seize him!,Attrapez-le!
Seriously?,Vraiment?
Seriously?,Est-ce sérieux?
Seriously?,Sérieusement?
She cried.,Elle pleurait.
She cried.,Elle pleura.
She tried.,Elle a essayé.
She walks.,Elle marche.
She's hot.,Elle est chaude.
She's hot.,Elle est très attirante.
Sign here.,Signez ici.
Sign this.,Signe ça.
Sign this.,Signez ceci.
Slow down.,Ralentis!
Slow down.,Ralentissez!
Stay away.,Reste à l'écart.
Stay away.,Restez à l'écart.
Stay back.,Reste en arrière!
Stay calm.,Restez calme.
Stay calm.,Reste calme.
Stay calm.,Garde ton calme.
Stay calm.,Garde ton sang-froid.
Stay calm.,Reste tranquille.
Stay down!,Reste baissé.
Stay down!,Restez baissé.
Stay down.,Reste baissé.
Stay down.,Restez baissé.
Stay here.,Restez là!
Stay here.,Reste ici!
Stay here.,Restez ici.
Stay thin.,Reste mince!
Step back.,Recule!
Step back.,Reculez!
Step back.,Reculez!
Stop that!,Arrêtez!
Stop that.,Arrêtez ça!
Stop that.,Arrêtez ça!
Stop that.,Arrête ça!
Stop them.,Arrêtez-les.
Take care!,Prends soin de toi!
Take care!,Soyez prudente!
Take care.,Prends soin de toi.
Take care.,Prenez soin de vous.
Take mine.,Prends le mien.
Take mine.,Prends la mienne.
Take mine.,Prenez le mien.
Take mine.,Prenez la mienne.
Take mine.,Prends les miens.
Take mine.,Prends les miennes.
Take mine.,Prenez les miens.
Take mine.,Prenez les miennes.
Take this.,Prends ça.
Take this.,Prenez ça.
Thank you.,Merci!
Thank you.,Merci.
That's OK.,Pas de problème.
That's OK.,Ce n'est pas grave.
That's OK.,Ça va.
That's it.,C'est ça.
Then what?,Et alors?
They fell.,Ils sont tombés.
They fell.,Elles sont tombées.
They left.,Ils sont partis.
They left.,Elles sont parties.
They lied.,Ils ont menti.
They lied.,Elles ont menti.
They lost.,Ils ont perdu.
They lost.,Elles ont perdu.
They swam.,Ils nageaient.
They swam.,Elles nageaient.
They swam.,Ils nagèrent.
They swam.,Elles nagèrent.
Time's up.,Le temps est écoulé.
Tom cooks.,Tom cuisine.
Tom cried.,Tom pleura.
Tom is OK.,Tom va bien.
Tom knits.,Tom tricote.
Tom knows.,Tom sait.
Tom rocks.,Tom assure.
Tom spoke.,Tom a parlé.
Tom waved.,Tom a fait signe de la main.
Tom works.,Tom est en train de travailler.
Tom's fat.,Tom est gros.
Tom's mad.,Tom est en colère.
Tom's mad.,Tom est fou.
Trust Tom.,Fais confiance à Tom.
Trust Tom.,Faites confiance à Tom.
Try again.,Essaie encore.
Try again.,Essayez de nouveau.
Try again.,Essaie de nouveau.
Try it on.,Essaie-le!
Wait here.,Attends ici.
Wait here.,Attends là.
Wait here.,Attendez ici.
Wait here.,Attendez là.
Watch out!,Attention!
Watch out!,Faites attention!
Watch out!,Fais attention!
We agreed.,Nous sommes tombés d'accord.
We did it!,Nous avons réussi!
We did it.,Nous avons réussi!
We did it.,Nous l'avons fait.
We forgot.,Nous avons oublié.
We saw it.,Nous l'avons vu.
We talked.,Nous discutâmes.
We talked.,Nous avons discuté.
We talked.,Nous nous sommes entretenus.
We talked.,Nous nous sommes entretenues.
We talked.,Nous nous entretînmes.
We waited.,Nous attendîmes.
We waited.,Nous avons attendu.
We walked.,Nous sommes allés à pied.
We walked.,Nous sommes allées à pied.
We'll try.,Nous essayerons.
We'll try.,Nous tenterons.
We'll win.,Nous l'emporterons.
We'll win.,Nous gagnerons.
We're hot.,Nous avons chaud.
We're sad.,Nous sommes tristes.
We're shy.,Nous sommes timides.
Well done!,Bien vu!
Well done!,Bien cuit!
Well done!,À la bonne heure!
Well done!,Bien joué!
Well done!,Pas mal!
What's up?,Ça va?
What's up?,Quoi de beau?
Who cares?,Qui s'en préoccupe?
Who cares?,Qui s'en soucie?
Who cares?,À qui ceci importe-t-il?
Who is he?,Qui est-ce?
Who is he?,Qui est-il?
Who is it?,Qui est-ce?
Who is it?,Qui est-il?
Who knows?,Qui sait?
Who spoke?,Qui a parlé?
Who'll go?,Qui ira?
Who's Tom?,C'est qui Tom?
Who's ill?,Qui est malade?
Wonderful!,À la bonne heure!
Write Tom.,Écrivez à Tom.
You drive.,Tu conduis.
You drive.,Toi conduis!
You drive.,Vous conduisez.
You idiot!,Espèce d'imbécile!
You idiot!,Espèce d'idiot!
You start.,Tu commences.
You start.,Vous commencez.
You tried.,Tu as essayé.
You're OK.,Tu vas bien.
Aim higher.,Vise plus haut.
Aim higher.,Visez plus haut.
All aboard!,Tout le monde à bord!
Am I clear?,Suis-je clair?
Am I clear?,Suis-je claire?
Am I dying?,Suis-je en train de mourir?
Am I dying?,Suis-je en train de trépasser?
Am I early?,Suis-je en avance?
Am I fired?,Vous me mettez à la porte?
Am I fired?,Suis-je viré?
You are fired!,Vous etes virés!
Am I first?,Suis-je le premier?
Am I first?,Suis-je la première?
Am I hired?,Suis-je engagé?
Am I right?,Ai-je raison?
Am I right?,Suis-je dans le vrai?
Am I wrong?,Ai-je tort?
Am I wrong?,Est-ce que je me trompe?
Answer Tom.,Réponds à Tom.
Answer Tom.,Répondez à Tom.
Are you OK?,Est-ce que tu vas bien?
Are you up?,Es-tu levé?
Are you up?,Es-tu levée?
Are you up?,Etes-vous levé?
Are you up?,Etes-vous levée?
Are you up?,etes-vous levés?
Are you up?,Etes-vous levées?
Are you up?,Es-tu debout?
Ask anyone.,Demandez à n'importe qui.
Ask anyone.,Demande à n'importe qui.
Ask anyone.,Demande à quiconque!
Ask around.,Demande alentour!
Ask around.,Renseigne toi.
Ask around.,Demandez alentour!
Be careful!,Faites attention!
Turn left.,Tourne à gauche.
Be careful!,Fais attention!
Be careful!,Sois prudent!
Be careful!,Sois prudente!
Be careful!,Soyez prudent!
Be careful!,Soyez prudente!
Be careful!,Soyezprudents!
Be careful!,Soyez prudentes!
Be careful!,Fais gaffe!
Be careful.,Sois prudent!
Be careful.,Sois prudente!
Be careful.,Soyez prudente!
Be careful.,Soyez prudents!
Be careful.,Soyez prudentes!
Be content.,Sois satisfait!
Be content.,Sois satisfaite!
Be content.,Soyez satisfait!
Be content.,Soyez satisfaite!
Be content.,Soyez satisfaits!
Be content.,Soyez satisfaites!
Be on time.,Soyez à l'heure.
Be on time.,Sois à l'heure.
Be patient.,Sois patient.
Be serious.,Soyez sérieux!
Be serious.,Soyez sérieuse!
Be serious.,Soyez sérieuses!
Be serious.,Sois sérieux!
Be serious.,Sois sérieuse!
Birds sing.,Les oiseaux chantent.
Bottoms up!,Santé!
Bring food.,Apportez de la nourriture.
Bring food.,Apporte à manger.
Bring wine.,Apporte du vin.
Bring wine.,Apportez du vin.
Can I come?,Puis-je venir?
Can I help?,Puis-je aider?
Carry this.,Porte-le.
Check that.,Vérifie ça.
Check that.,Regarde ça.
Check that.,Vérifiez cela.
Check this.,Vérifie ça.
Check this.,Regarde ça.
Choose one.,Choisis-en un.
Choose one.,Choisis-en une.
Come again.,Revenez nous voir.
Come again.,Reviens nous voir.
Come alone.,Viens seul!
Come alone.,Viens seule!
Come alone.,Venez seul!
Come alone.,Venez seuls!
Come alone.,Venez seules!
Come along.,Joignez-vous à nous.
Come early.,Viens tôt.
Come early.,Venez tôt.
Come on in!,Entre donc!
Come on in.,Entre.
Come quick!,Viens vite!
Come quick!,Jouis vite!
Come to me.,Venez à moi.
Come to us.,Venez à nous.
Cut it out!,Arrête!
Cut it out!,Arrêtez!
Cut it out.,Assez!
Did we win?,Avons-nous gagné?
Dig faster.,Creusez plus vite.
Do I stink?,Est-ce que je pue?
Do men cry?,Les hommes pleurent-ils?
Don't fret.,Te tracasse pas.
Don't fret.,Vous tracassez pas.
Don't fret.,Ne te tracasse pas.
Don't jump!,Ne saute pas!
Don't jump!,Ne sautez pas!
Don't move!,Ne bouge pas!
Don't move!,Ne bougez pas!
Don't move.,Ne bougez pas.
Don't move.,Ne bouge pas.
Don't rush.,Ne te précipite pas.
Don't sing.,Ne chante pas.
Don't sing.,Ne chantez pas.
Don't talk!,Ne parle pas!
Don't talk!,Ne parlez pas!
Don't talk.,Ne parle pas!
Don't talk.,Ne parlez pas!
Don't wait.,N'attends pas!
Don't wait.,N'attendez pas!
Duty calls.,Le devoir m'appelle.
Face facts!,Regardez les faits en face.
Face facts!,Rends-toi à l'évidence.
Face facts!,Rendez-vous à l'évidence.
Fill it up.,Le plein.
Find a job.,Trouve un emploi!
Find a job.,Trouve un boulot!
I did that.,J'ai fait cela.
Follow Tom.,Suivez Tom.
Follow Tom.,Suis Tom.
Follow him.,Suis-le!
Follow him.,Suivez-le!
Forget Tom.,Oublie Tom.
Forget Tom.,Oubliez Tom.
Forget him.,Oublie-le.
Forgive me.,Pardonnez-moi.
Forgive us.,Pardonne-nous!
Get a life!,Achète-toi une vie!
Get inside.,Entre.
Get to bed.,Va au lit!
Get to bed.,Au lit!
Get to bed.,Allez au lit!
Give it up.,Laisse tomber.
Give it up.,Abandonne!
Go outside.,Sors.
Go outside.,Sortez.
Go outside.,Allez à l'extérieur.
Go outside.,Sortez d'ici.
Go warm up.,Va t'échauffer!
Go warm up.,Allez vous échauffer!
He gave in.,Il a cédé.
He gave in.,Il céda.
He hung up.,Il a raccroché.
He hung up.,Il raccrocha.
He is a DJ.,Il est DJ.
He is busy.,Il a à faire.
He is here!,Il est ici!
He is kind.,Il est gentil.
He is late.,Il est en retard.
He is lazy.,Il est fainéant.
He is lazy.,Il est paresseux.
He is poor.,Il est pauvre.
He made it.,Il a réussi.
He's Swiss.,Il est Helvète.
He's broke.,Il est ruiné.
He's broke.,Il est fauché.
He's drunk.,Il est ivre.
He's drunk.,Il est soûl.
He's smart.,Il est intelligent.
Head north.,Vers le nord.
Here he is!,Il est ici!
Here it is.,Le voilà.
Here it is.,Tenez.
Here we go.,C'est parti!
Hold still.,Tiens-toi tranquille!
Hold still.,Tenez-vous tranquille!
How is Tom?,Comment va Tom?
How lovely!,Comme c'est charmant!
How's work?,Comment va le travail?
Hurry home.,Dépêche-toi d'aller chez toi!
Hurry home.,Dépêchez-vous d'aller chez vous!
I admit it.,Je l'admets.
I am a man.,Je suis un homme.
I am human.,Je suis humain.
I am ready.,Je suis prêt.
I am right.,J'ai raison.
I broke it.,Je l'ai cassé.
I broke it.,Je l'ai cassée.
I built it.,Je l'ai construit.
I built it.,Je l'ai construite.
I can come.,Je peux venir.
I can cook.,Je sais cuisiner.
I can jump.,Je peux sauter.
I can read.,Je sais lire.
I can read.,Je peux lire.
I can sing.,Je sais chanter.
I can stay.,Je peux rester.
I can swim.,Je sais nager.
I can wait.,Je peux attendre.
I can walk.,Je peux marcher.
I can't go.,Je ne peux pas y aller.
I can't go.,Je ne peux pas m'y rendre.
I can't go.,Je ne peux pas partir.
I disagree.,Je ne suis pas d'accord.
I do worry.,Je me fais vraiment du souci.
I doubt it.,J'en doute.
I eat here.,Je mange ici.
I envy Tom.,J'envie Tom.
I envy her.,Je l'envie.
I envy him.,Je l'envie.
I envy you.,Je t'envie.
I exercise.,Je m'entraîne.
I feel bad.,Je me sens mal.
I feel old.,Je me sens vieux.
I feel old.,Je me sens vieille.
I felt bad.,Je me suis senti mal.
I felt ill.,Je me suis senti mal.
I felt ill.,Je me sentais malade.
I felt ill.,Je me sentis malade.
I felt sad.,J'ai ressenti de la tristesse.
I felt sad.,Je me suis senti triste.
I felt sad.,Je me suis sentie triste.
I fixed it.,Je l'ai réparé.
I fixed it.,Je la réparai.
I fixed it.,Je le réparai.
I found it.,Je l'ai trouvé.
I found it.,Je le trouvai.
I got busy.,Je suis devenu occupé.
I got busy.,Je suis devenu occupée.
I got hurt.,Je me suis blessé.
I got lost.,Je me suis perdu.
I got sick.,Je suis devenu malade.
I got sick.,Je suis devenue malade.
I guess so.,Je le suppose.
I guess so.,J'imagine.
I had help.,J'ai reçu de l'aide.
I hate you.,Je te hais.
I have one.,J'en ai un.
I have one.,J'en ai une.
I have won.,J'ai gagné.
I hear you.,Je t'entends.
I help him.,Je l'aide.
I hope not.,Je n'espère pas.
I hope not.,J'espère que non.
I know CPR.,Je connais la RCP.
I know her.,Je la connais.
I know him.,Je le connais.
I like Tom.,J'aime Tom.
I like art.,J'apprécie l'art.
I like him.,Je l'apprécie.
I like him.,Je l'aime bien.
I like tea.,J'aime le thé.
I like you.,Tu me plais.
I like you.,Vous me plaisez.
I like you.,Je t'aime.
I like you.,Je t'aime bien.
I liked it.,J'ai aimé ça.
I listened.,J'ai écouté.
I love Tom.,J'aime Tom.
I love rice.,J'aime le riz.
I love tea.,J'adore le thé.
I love you.,Je t'aime!
I love you.,Je t'adore.
I love you.,Je t'aime.
I loved it.,J'adorais ça.
I made tea.,J'ai préparé du thé.
I made two.,J'en ai fait deux.
I made two.,J'en ai confectionné deux.
I met them.,Je les ai rencontrés.
I met them.,Je les ai rencontrées.
I met them.,Je les rencontrai.
I must run.,Il me faut courir.
I must run.,Je dois courir.
I need air.,J'ai besoin d'air.
I need ice.,J'ai besoin de glace.
I need you.,J'ai besoin de toi.
I panicked.,J'ai paniqué.
I promised.,J'ai promis.
I ran away.,Je me suis enfuit.
I ran home.,J'ai couru à la maison.
I remember.,Je m'en souviens.
I remember.,Je me le rappelle.
I remember.,Je m'en rappelle.
I said yes.,J'ai dit oui.
I sat down.,Je m'assis.
I saw that.,J'ai vu cela.
I saw them.,Je les ai vues.
I saw them.,Je les ai vus.
I screamed.,J'ai crié.
I see them.,Je les vois.
I shrugged.,J'ai haussé les épaules.
I survived.,J'ai survécu.
I threw up.,J'ai vomi.
I tried it.,J'ai essayé.
I tried it.,Je l'ai essayé.
I use this.,J'utilise cela.
I want one!,J'en veux un!
I want one!,J'en veux une!
I want one.,J'en veux un!
I want one.,J'en veux une!
I want you.,J'ai envie de toi.
I want you.,Je te veux!
I want you.,Je vous veux!
I was away.,Je n'étais pas là.
I was busy.,J'étais occupée.
I was good.,Je fus bon.
I was good.,J'ai été bon.
I was good.,J'ai été bonne.
I was good.,Je fus bonne.
I was last.,J'ai été dernier.
I was last.,J'étais dernier.
I was last.,J'ai été dernière.
I was late.,J'étais en retard.
I was late.,J'ai été en retard.
I was lost.,J'étais perdu.
I was lost.,J'étais perdue.
I was sick.,J'ai été malade.
I was sick.,J'étais malade.
I whistled.,J'ai sifflé.
I will try.,Je vais essayer.
I will try.,J'essaierai.
I won't go.,Je n'irai pas.
I work out.,Je fais de l'exercice.
I wrote it.,Je l'ai écrit.
I wrote it.,C'est moi qui l'ai écrit.
I'd accept.,J'accepterais.
I'll check.,Je vérifierai.
I'll do it.,Je le ferai.
I'll drive.,Je conduirai.
I'll go in.,J'entrerai.
I'll leave.,Je partirai.
I'll shoot.,Je tirerai.
I'll stand.,Je resterai debout.
I'll start.,Je commencerai.
I'm a hero.,Je suis un héros.
I'm a twin.,J'ai un jumeau.
I'm baking!,Je cuis!
I'm better.,Je vais mieux.
I'm biased.,J'ai un parti pris.
I'm buying.,Je paie.
I'm buying.,C'est moi qui paie.
I'm chubby.,Je suis grassouillet.
I'm chubby.,Je suis grassouillette.
I'm coming.,J'arrive.
I'm famous.,Je suis connu.
I'm famous.,Je suis connue.
I'm faster.,Je suis plus rapide.
I'm flabby.,Je suis flasque.
I'm greedy.,Je suis cupide.
I'm greedy.,Je suis gourmand.
I'm greedy.,Je suis gourmande.
I'm hiding.,Je me cache.
I'm honest.,Je suis honnête.
I'm humble.,Je suis humble.
I'm hungry!,J'ai faim!
I'm hungry.,J'ai faim!
I'm immune.,Je suis immunisé.
I'm immune.,Je suis immunisée.
I'm in bed.,Je suis au lit.
I'm in bed.,Je suis alité.
I'm in bed.,Je suis alitée.
I'm inside.,Je me trouve à l'intérieur.
I'm inside.,Je suis à l'intérieur.
I'm joking.,Je rigole!
I'm loaded.,Je suis saoul.
I'm lonely.,Je me sens seul.
I'm lonely.,Je me sens seule.
I'm losing.,Je suis en train de perdre.
I'm moving.,Je suis en train de déménager.
I'm normal.,Je suis normal.
I'm normal.,Je suis normale.
I'm paying.,Je suis en train de payer.
I'm pooped.,Je suis crevé.
I'm rested.,Je suis reposé.
I'm rested.,Je suis reposée.
I'm ruined.,Je suis ruiné.
I'm ruined.,Je suis ruinée.
I'm shaken.,Je suis remué.
I'm shaken.,Je suis remuée.
I'm single.,Je suis célibataire.
I'm skinny.,Je suis maigrichon.
I'm sleepy!,Je suis fatigué!
I'm sleepy!,J'ai sommeil!
I'm sneaky.,Je suis sournois.
I'm so fat.,Je suis tellement gros.
I'm strict.,Je suis strict.
I'm strict.,Je suis stricte.
I'm strong.,Je suis fort.
I'm strong.,Je suis forte.
I'm trying.,J'essaye.
I'm trying.,J'essaie.
I'm trying.,Je m'y essaie.
I'm wasted.,Je suis affaiblie.
I've tried.,J'ai tenté.
Ignore Tom.,Ignore Tom.
Ignore Tom.,Ignorez Tom.
Ignore him.,Ne faites pas attention à lui.
Is Tom ill?,Est-ce que Tom est malade?
Is Tom ill?,Tom est-il malade?
Is he busy?,Est-il occupé?
Is he dead?,Est-il mort?
Is he dead?,Est-il décédé?
Is he dead?,Il est mort?
Is he tall?,Est-il grand?
Is it blue?,Est-ce bleu?
Is it done?,Est-ce fait?
Is it free?,C'est gratuit?
Is it hard?,Est-ce difficile?
Is it love?,Est-ce de l'amour?
Is it safe?,Est-ce sûr?
Is it safe?,Est-ce sans danger?
Is it safe?,Est-ce inoffensif?
Is it time?,Est-il l'heure?
Is it true?,C'est vrai?
Is that it?,Est-ce cela?
Is that so?,En va-t-il ainsi?
Is that so?,En est-il ainsi?
It happens.,Ça arrive.
It is cold.,Il fait froid.
It matters.,Ça importe.
It matters.,Ça compte.
It matters.,C'est important.
It went OK.,Ça s'est bien passé.
It'll work.,Ça fonctionnera.
It'll work.,Ça marchera.
It's a fad.,C'est une passade.
It's a fad.,C'est une tocade.
It's a fad.,C'est un phénomène de mode.
It's awful.,C'est terrible.
It's awful.,C'est affreux.
It's bogus.,C'est du pipeau tout ça.
It's bulky.,C'est encombrant.
It's cheap.,C'est bon marché.
It's clean.,C'est propre.
It's close.,C'est proche.
It's funny.,C'est marrant.
It's green.,C'est vert.
It's my CD.,C'est mon CD.
It's on me.,C'est pour moi.
It's quiet.,C'est calme.
It's ready.,C'est prêt.
It's right.,C'est juste.
It's safer.,C'est plus sûr.
It's sweet.,C'est mignon.
It's sweet.,C'est gentil.
It's taboo.,C'est un sujet tabou.
It's weird.,C'est bizarre.
It's wrong.,C'est faux.
It's yours.,C'est le tien.
It's yours.,C'est la tienne.
It's yours.,C'est la vôtre.
It's yours.,C'est le vôtre.
Jesus wept.,Jésus a pleuré.
I made a phone call.,J'ai passé un appel téléphonique.
Just do it.,Fais-le donc!
Just do it.,Fais-le, tout simplement!
Just do it.,Faites-le tout simplement!
Just relax.,Détendez-vous.
Keep quiet!,Reste tranquille!
Keep quiet.,Reste tranquille.
Keep quiet.,Restez tranquille.
Keep quiet.,Restez tranquilles.
Keep still.,Reste tranquille!
Keep still.,Restez tranquille!
Let him go!,Laisse-le partir!
Let him go!,Laissez-le partir!
Let him go!,Laisse-le s'en aller!
Let him go!,Laissez-le s'en aller!
Let him go.,Laisse-le partir!
Let him in.,Fais-le entrer.
Let him in.,Laisse-le entrer.
Let him in.,Laissez-le entrer.
Let him in.,Faites-le entrer.
Let me die.,Laissez-moi mourir.
Let me die.,Laisse-moi mourir.
Let me out!,Laisse-moi sortir!
Let me out!,Laissez-moi sortir!
Let me pay.,Laisse-moi payer.
Let me pay.,Laissez-moi payer.
Let me see.,Laissez-moi voir.
Let me try.,Laisse-moi essayer.
Let me try.,Permettez-moi d'essayer.
Let us out.,Laisse-nous sortir!
Let us out.,Laissez-nous sortir!
Let's chat.,Discutons.
Let's kiss.,Embrassons-nous.
Let's talk.,Discutons!
Let's work.,Travaillons!
Lighten up.,Relaxe!
Lighten up.,Détends-toi!
Look again.,Regarde encore.
Look at it.,Regardez-le!
Look at it.,Regarde-le!
Look at us.,Regardez-nous.
Look it up.,Cherche-le!
Love hurts.,L'amour fait mal.
Mama cried.,Maman a pleuré.
Mama cried.,Maman pleurait.
Never mind!,N'y prête pas attention.
No comment.,Sans commentaire.
No kidding?,Sans blague?
No problem!,Aucun problème!
No problem!,Pas de problème!
No problem.,Pas de problème.
No problem.,Ce n'est rien.
No problem.,Sans problème.
Oh! really?,Oh! Vraiment?
Once again.,Encore une fois.
Pick it up.,Ramasse-le.
Please sit.,Asseyez-vous je vous prie.
Replace it.,Remplace-le.
Replace it.,Remplace-la.
Replace it.,Remplacez-la.
Run for it!,Sauve-toi!
Run for it!,Sauvez-vous!
Run for it!,Prends tes jambes à ton cou!
Run for it!,Prenez vos jambes à vos cous!
Run for it!,Taille-toi!
Run for it!,File!
Run for it!,Filez!
Shadow him.,File-le!
She smiled.,Elle a souri.
She's busy.,Elle est occupée.
She's nice.,Elle est gentille.
Smell this.,Sentez ceci.
Stand back!,Reculez!
Stand back!,Reculez!
Stand back!,Recule-toi!
Start here.,Commencez ici.
Start here.,Commence ici.
Start over.,Recommence.
Start over.,Recommencez.
Stay alert.,Restez sur vos gardes.
Stay awake.,Reste debout.
Stay awake.,Reste éveillé.
Stay close.,Reste près.
Stay close.,Restez près.
Stay sharp.,Reste malin!
Stay still.,Ne bouge pas.
Step aside.,Écarte-toi!
Step aside.,Écartez-vous!
Stop lying.,Arrête de mentir.
Stop lying.,Arrêtez de mentir.
Study hard.,Étudie avec application.
Study hard.,Étudiez avec application.
Take a bus.,Prenez un bus.
Take a nap.,Fais un petit somme!
Take cover!,Mets-toi à l'abri!
Take cover!,Mettez-vous à l'abri!
Take notes.,Prends des notes.
Take notes.,Prenez des notes.
Talk to me!,Parle-moi!
Talk to me!,Parle-moi!
Talk to me!,Parlez-moi!
Talk to me.,Parle avec moi.
Talk to me.,Parlez-moi!
Talk to me.,Parlez avec moi.
Taste this.,Essayez ceci!
Taste this.,Goûte ça.
Taste this.,Goûtez ceci.
That a boy!,C'est bien!
That a boy!,T'es un bon garçon!
That hurts.,Ça fait mal.
That works.,Ça fonctionne.
That's all.,C'est tout.
That's fun.,C'est marrant.
That's her.,C'est elle.
That's his.,Ce sont les siens.
That's his.,C'est le sien.
That's his.,C'est la sienne.
That's odd.,C'est bizarre.
They agree.,Ils sont d'accord.
They agree.,Elles sont d'accord.
They cheat.,Ils trichent.
They cheat.,Elles trichent.
They voted.,Ils ont voté.
They voted.,Elles ont voté.
This is it.,Ça y est.
This works.,Ça fonctionne.
Time flies.,Le temps s'enfuit.
Time flies.,Le temps s'envole.
Time is up.,Le temps est écoulé.
Time is up.,L'heure est passée.
Tom agrees.,Tom est d'accord.
Tom cheats.,Tom triche.
Tom cursed.,Tom jura.
Tom drinks.,Tom boit.
Tom drives.,Tom conduit.
Tom forgot.,Tom a oublié.
Tom forgot.,Tom oublia.
Tom helped.,Tom a aidé.
Tom helped.,Tom aida.
Tom is fat.,Tom est gros.
Tom is mad.,Tom est fou.
Tom is new.,Tom est nouveau.
Tom is sad.,Tom est triste.
Tom jumped.,Tom sauta.
Tom looked.,Tom a regardé.
Tom looked.,Tom regarda.
Tom nodded.,Tom hocha la tête.
Tom obeyed.,Tom obéit.
Tom obeyed.,Tom a obéi.
Tom sighed.,Tom soupira.
Tom snores.,Tom ronfle.
Tom stayed.,Tom est resté.
Tom stinks.,Tom pue.
Tom talked.,Tom a parlé.
Tom yawned.,Tom bailla.
Tom'll cry.,Tom va pleurer.
Tom'll pay.,Tom paiera.
Tom's dead.,Tom est mort.
Tom's deaf.,Tom est sourd.
Tom's died.,Tom est mort.
Tom's fast.,Tom est rapide.
Tom's free.,Tom est libre.
Tom's glad.,Tom est content.
Tom's glad.,Tom est heureux.
Tom's glad.,Tom est joyeux.
Tom's gone.,Tom est parti.
Tom's here.,Tom est là.
Tom's here.,Tom est ici.
Tom's home.,Tom est chez lui.
Tom's home.,Tom est à la maison.
Tom's hurt.,Tom est blessé.
Tom's left.,Tom est parti.
Tom's left.,Tom partit.
Tom's safe.,Tom est en sécurité.
Tom's weak.,Tom est faible.
Tom's well.,Tom va bien.
Tough luck!,Tant pis!
Turn it up.,Monte-le.
Turn it up.,Montez-le.
Turn it up.,Augmente-le.
Turn it up.,Augmentez-le.
Wait a bit.,Attends une seconde!
Wait a bit.,Attends un peu.
Wait a sec.,Attends une seconde!
Wait a sec.,Attendez une seconde!
We all die.,Nous mourons tous.
We all die.,Nous mourons toutes.
We all lie.,Nous mentons tous.
We are men.,Nous sommes des hommes.
We buy CDs.,Nous achetons des CD.
We can pay.,Nous pouvons payer.
We can try.,Nous pouvons essayer.
We can try.,Nous pouvons tenter.
We can win.,Nous pouvons gagner.
We can win.,Nous pouvons l'emporter.
We like it.,Nous l'apprécions.
I exhaled.,J'ai expiré.
Stay alert.,Reste sur tes gardes.
Stand back!,Reculez-vous!
Smell this.,Sens ça.
She is old.,Elle est vieille.
Run for it!,Taillez-vous!
Replace it.,Remplacez-le.
No problem.,Aucun problème.
Never mind!,T'inquiète pas.
Look at me.,Regarde-moi.
Let's pray.,Prions!
It's phony.,C'est du pipeau tout ça.
I've tried.,J'ai essayé.
I fixed it.,Je l'ai réparée.
He's Swiss.,Il est Suisse.
Dig faster.,Creuse plus vite.
You are fired!,Tu es viré!
We saw it.,Nous l'avons vue.
Drive on.,Continuez à rouler!
I woke up.,Je me suis réveillé.
Jesus wept.,Jésus pleura.
Keep quiet.,Restez tranquilles.
I'll hurry.,Je me dépêcherai.
I was last.,J'étais dernière.
I have won.,Je l'ai emporté.
I'm cool.,Je suis détendue.
It's early.,Il est tôt.
It stinks.,Ça sent mauvais.
I'm thirty.,J'ai trente ans.
I'm paying.,C'est moi qui paie.
I need you.,J'ai besoin de vous.
I canceled.,J'ai annulé.
He is sick.,Il est malade.
Don't fret.,Ne vous tracassez pas.
Can I stay?,Puis-je rester?
Be careful.,Soyez prudent!
You tried.,Vous avez essayé.
That's OK.,Il n'y a pas de problème.
Read this.,Lis ceci.
Go on.,Poursuis.
No kidding?,Vraiment?
Look again.,Regardez à nouveau.
Keep quiet!,Restez tranquille!
It is cold.,C'est froid.
I'm sneaky.,Je suis sournoise.
I'm a liar.,Je suis un menteur.
I saw them.,Je les vis.
I liked it.,Je l'ai apprécié.
I envy you.,Je vous envie.
Here we go.,On est partis!
Forget him.,Oubliez-le.
Are you up?,Etes-vous debout?
Wonderful!,Magnifique!
Tom's sad.,Tom est triste.
Stop that.,Arrête ça!
Look away.,Détourne le regard.
I'll sing.,Je chanterai.
I beg you.,Je vous en prie.
Go get it.,Va le chercher!
Run for it!,Prenez vos jambes à votre cou!
Love hurts.,L'amour blesse.
Let me try.,Laissez-moi essayer.
Just relax.,Détends-toi.
It's funny.,C'est drôle.
Is it nice?,Est-ce chouette?
I'm skinny.,Je suis maigrichonne.
I'm eating.,Je mange.
I was hurt.,J'ai été blessé.
I need air.,Il me faut de l'air.
I hate you.,Je te déteste.
I did that.,C'est moi qui l'ai fait.
Here it is.,Le voici.
Don't rush.,Ne vous précipitez pas.
Am I wrong?,Me trompé-je?
We smiled.,Nous avons souri.
Sign here.,Signe ici.
Go ahead!,Avance!
I'm angry.,Je suis en colère.
We made it.,Nous l'avons fait.
We made it.,Nous l'avons accompli.
We made it.,Nous avons réussi.
We must go.,Nous devons y aller.
We must go.,Nous devons partir.
We must go.,Il nous faut y aller.
We must go.,Nous devons nous en aller.
We need it.,Nous en avons besoin.
We saw you.,Nous vous avons vu.
Time series data.,Données de séries chronologiques
We saw you.,Nous vous avons vue.
We saw you.,Nous vous avons vues.
We saw you.,Nous vous avons vus.
We saw you.,Nous t'avons vu.
We saw you.,Nous t'avons vue.
We want it.,Nous le voulons.
We'll cook.,Nous ferons la cuisine.
We'll fail.,Nous échouerons.
We'll help.,Nous apporterons de l'aide.
We'll obey.,Nous obéirons.
We'll pass.,Nous réussirons.
We'll swim.,Nous nagerons.
We'll wait.,Nous attendrons.
We'll walk.,Nous marcherons.
We'll work.,Nous travaillerons.
We're back.,Nous sommes de retour.
We're boys.,Nous sommes des garçons.
We're busy.,Nous sommes occupés.
We're busy.,Nous sommes occupées.
We're calm.,Nous sommes calmes.
We're done.,Nous avons fini.
We're done.,Nous avons terminé.
We're done.,Nous en avons fini.
We're done.,Nous en avons terminé.
We're even.,Nous sommes quittes.
We're even.,Nous sommes à égalité.
We're fine.,Nous allons bien.
We're here.,Nous sommes ici.
We're here.,Nous sommes là.
We're home.,Nous sommes chez nous.
We're late.,Nous sommes en retard.
We're lazy.,Nous sommes paresseux.
We're lazy.,Nous sommes fainéantes.
We're lost.,Nous sommes perdus.
We're lost.,Nous sommes perdues.
We're rich.,Nous sommes riches.
We're safe.,Nous sommes en sécurité.
We're sunk.,On est foutu.
We're sunk.,Nous sommes foutus.
We're weak.,Nous sommes faibles.
What a day!,Quelle journée!
What is it?,Qu'est-ce que c'est?
What is it?,C'est quoi?
What is it?,Qu'est-ce?
What is it?,Qu'est ce c'est?
What's new?,Quoi de nouveau?
Where am I?,Où suis-je?
Who are we?,Qui sommes-nous?
Who did it?,Qui l'a fait?
Who did it?,Qui a fait ça?
Who has it?,Qui l'a?
Who is Tom?,C'est qui, Tom?
Who phoned?,Qui a téléphoné?
Who phoned?,Qui est-ce qui a téléphoné?
Who saw me?,Qui m'a vu?
Who stayed?,Qui est resté?
Who yelled?,Qui a hurlé?
Who's here?,Qui est là?
Who's that?,Qui est-ce?
Who's that?,C'est qui?
Why bother?,Pourquoi s'en soucier?
You decide.,Toi décide.
You decide.,Vous, décidez.
You did it!,C'est toi qui l'as fait!
You did it!,C'est vous qui l'avez fait!
May I go?,Puis-je m'y rendre?
Let him go.,Laisse-le s'en aller!
Let him go.,Laissez-le s'en aller!
You may go.,Vous pouvez partir.
You may go.,Tu peux y aller.
You may go.,Tu peux partir.
You may go.,Tu peux t'en aller.
You may go.,Vous pouvez vous en aller.
You may go.,Vous pouvez y aller.
You're bad.,Tu es vilain.
You're big.,Tu es grand.
You're big.,Tu es grande.
You're big.,Vous êtes grand.
You're big.,Vous êtes grande.
You're big.,Vous êtes grands.
You're big.,Vous êtes grandes.
You're fun.,T'es marrante.
You're fun.,T'es marrant.
You're odd.,Tu es bizarre.
You're odd.,Vous êtes bizarre.
You're odd.,Vous êtes bizarres.
You're old.,Tu es vieux.
You're old.,Tu es vieille.
You're old.,Vous êtes vieux.
You're old.,Vous êtes vieilles.
You're old.,Vous êtes vieille.
You're sad.,Tu es triste.
You're sad.,Vous êtes triste.
You're shy.,Tu es timide.
You're shy.,Vous êtes timide.
You've won!,Vous avez gagné!
You've won!,Tu as gagné!
All is well.,Tout va bien.
Am I hungry!,J'ai faim!
Am I stupid?,Suis-je idiot?
Am I stupid?,Suis-je idiote?
Anyone home?,Quiconque est-il dans la maison?
Anyone home?,Quiconque est-il à la maison?
Anyone home?,Qui que ce soit est-il à la maison?
Anyone hurt?,Quiconque est-il blessé?
Anyone hurt?,Qui que ce soit est-il blessé?
Are we done?,Avons-nous terminé?
Are we done?,En avons-nous terminé?
Are we lost?,Sommes-nous perdus?
Are we lost?,Sommes-nous perdues?
Are we safe?,Sommes-nous en sécurité?
Are you Tom?,Est-ce que tu es Tom?
Are you hot?,As-tu chaud?
Are you hot?,Avez-vous chaud?
Are you mad?,Etes-vous fou?
Are you mad?,Es-tu folle?
Are you mad?,Etes-vous folle?
Are you new?,Tu es nouveau?
Are you sad?,Es-tu triste?
Ask anybody.,Demande à n'importe qui!
Ask anybody.,Demandez à n'importe qui!
Ask anybody.,Demande à qui que ce soit!
Ask anybody.,Demandez à qui que ce soit!
Be creative.,Soyez créatives!
Be creative.,Soyez créatifs!
Be creative.,Soyez créative!
Be creative.,Soyez créatif!
Be creative.,Sois créative!
Be creative.,Sois créatif!
Be discreet.,Sois discret!
Be discreet.,Sois discrète!
Be discreet.,Soyez discret!
Be discreet.,Soyez discrète!
Be discreet.,Soyez discrets!
Be discreet.,Soyez discrètes!
Be friendly.,Soyez amicales!
Be friendly.,Soyez amicaux!
Be friendly.,Soyez amicale!
Be friendly.,Soyez amical!
Be friendly.,Sois amicale!
Be friendly.,Sois amical!
Be generous.,Sois généreux.
Be merciful.,Sois clément!
Be merciful.,Sois clémente!
Be merciful.,Soyez clément!
Be merciful.,Soyez cléments!
Be merciful.,Soyez clémente!
Be merciful.,Soyez clémentes!
Be merciful.,Soyez miséricordieuses!
Be merciful.,Soyez miséricordieuse!
Be merciful.,Soyez miséricordieux!
Be merciful.,Sois miséricordieuse!
Be merciful.,Sois miséricordieux!
Be prepared.,Sois préparé!
Be prepared.,Sois préparée!
Be prepared.,Soyez préparé!
Be prepared.,Soyez préparée!
Be prepared.,Soyez préparées!
Be prepared.,Soyez préparés!
Be prepared.,Sois prêt!
Be prepared.,Tiens-toi prêt!
Be prepared.,Sois prête!
Be prepared.,Soyez prêt!
Be prepared.,Soyez prêts!
Be prepared.,Soyez prêtes!
Be prepared.,Tiens-toi prête!
Be prepared.,Tenez-vous prêt!
Be prepared.,Tenez-vous prête!
Be prepared.,Tenez-vous prêts!
Be prepared.,Tenez-vous prêtes!
Be punctual.,Soyez ponctuelles!
Be punctual.,Soyez ponctuelle!
Be punctual.,Soyez ponctuels!
Be punctual.,Soyez ponctuel!
Be punctual.,Sois ponctuel!
Be punctual.,Sois ponctuelle!
Be ruthless.,Soyez impitoyable!
Be ruthless.,Soyez impitoyables!
Be ruthless.,Sois impitoyable!
Be sensible.,Soyez raisonnable!
Be sensible.,Soyez raisonnables!
Be sensible.,Sois raisonnable!
Be watchful.,Sois prudent!
Be watchful.,Sois prudente!
Be watchful.,Soyez prudent!
Be watchful.,Soyez prudente!
Be yourself.,Sois toi-même.
Be yourself.,Soyez vous-même.
Beer's good.,La bière est bonne.
Break it up!,Arrêtez!
Can I begin?,Puis-je commencer?
Can it wait?,Cela peut-il attendre?
Can we come?,Pouvons-nous venir?
Can we help?,Pouvons-nous donner un coup de main?
Can we stop?,Pouvons-nous arrêter?
Can we talk?,Pouvons-nous parler?
Can you see?,Arrives-tu à voir?
Can you see?,Arrivez-vous à voir?
Can you ski?,Savez-vous faire du ski?
Can you ski?,Sais-tu faire du ski?
Can you try?,Pouvez-vous essayer?
Check again.,Revérifie.
Clean it up.,Nettoyez-le.
Clean it up.,Nettoie-le.
Come get it.,Viens le chercher.
Come get me.,Venez me chercher.
Come inside.,Entre.
Come off it.,Laisse tomber.
Come off it.,Arrête ton char.
Cook for me.,Cuisine pour moi.
Cook for me.,Cuisinez pour moi.
Count me in.,Tu peux me compter dans le nombre.
Cover it up.,Couvrez-le.
Cover it up.,Camouflez-le.
Deal me out.,Ne compte pas sur moi.
Did Tom eat?,Est-ce que Tom a mangé?
Did Tom eat?,Tom a-t-il mangé?
Did it hurt?,Ça vous a fait mal?
Are you Tom?,Etes-vous Tom?
Did you win?,As-tu vaincu?
Did you win?,L'avez-vous emporté?
Did you win?,L'as-tu emporté?
Do it again!,Fais-le encore une fois!
Do it again!,Refais-le!
Do it again!,Fais-le de nouveau!
Do it again!,Fais-le à nouveau!
Do it again!,Faites-le de nouveau!
Do it again!,Faites-le à nouveau!
Do it again!,Refaites-le!
Do it right.,Fais-le comme il faut!
Do it right.,Faites-le comme il faut!
Do you fish?,Vous pêchez?
Do your job.,Fais ton boulot.
Don't cheat.,Ne triche pas.
Don't cheat.,Ne trichez pas.
Don't do it!,Ne le fais pas!
Don't do it!,Ne le faites pas!
Don't do it.,Ne le fais pas!
Don't do it.,Ne le faites pas!
Don't fight.,Ne vous battez pas.
Don't gloat.,Ne jubilez pas!
Don't gloat.,Ne jubile pas!
Don't laugh.,Ne ris pas.
Don't laugh.,Ne riez pas.
Don't leave!,Ne t'en va pas!
Don't leave!,Ne pars pas!
Don't leave!,Ne quittez pas!
Don't leave.,Ne pars pas!
Don't leave.,Ne partez pas!
Don't panic!,Ne panique pas!
Don't panic!,Ne paniquez pas!
Don't shoot!,Ne tire pas!
Don't shoot!,Ne tirez pas!
Don't shoot.,Ne tire pas!
Don't shoot.,Ne tirez pas!
Don't shout.,Ne crie pas.
Don't smile.,Ne souris pas.
Don't smile.,Ne souriez pas.
Don't smoke.,Ne fumez pas.
Don't speak.,Ne parle pas.
Don't worry.,T'inquiète pas.
Don't worry.,T'inquiète.
Don't worry.,Ne vous en faites pas.
Don't worry.,Ne vous inquiétez pas.
Finish this.,Finis ça.
Finish this.,Finissez ceci.
Flip a coin.,Lance une pièce!
Forgive Tom.,Pardonne Tom.
Get dressed.,Habille-toi.
Get dressed.,Habillez-vous.
Get serious.,Sois sérieux.
Be serious.,Sois sérieux.
Get the box.,Prends la boîte.
Get the box.,Prenez la boîte.
Go have fun.,Amuse-toi bien.
Go have fun.,Vas-y, amuse-toi.
Go home now.,Va chez toi maintenant.
Go home now.,Va chez nous maintenant.
Go home now.,Va à la maison maintenant.
Go home now.,Allez chez vous maintenant.
Go home now.,Allez à la maison maintenant.
Go on ahead.,Continue en avant.
Go to sleep.,Va dormir!
Go with Tom.,Va avec Tom.
Grab a seat.,Prends-toi un siège!
Have a beer.,Prends une bière!
Have a look.,Regarde!
Have a look.,Regardez!
Have a seat.,Prenez place.
Have a seat.,Prends place.
Have we met?,Nous sommes-nous rencontrés?
He can come.,Il peut venir.
He can read.,Il peut lire.
He can swim.,Il sait nager.
He chuckled.,Il gloussa.
He chuckled.,Il a gloussé.
He found it.,Il le trouva.
He found it.,Il l'a trouvé.
He got away.,Il s'en est sorti.
Have a look.,Jette un oil!
Have a look.,Jetez un oil!
He grew old.,Il devint vieux.
He grew old.,Il est devenu vieux.
He has come!,Il est venu!
He has guts.,Il a des tripes.
He has wine.,Il a du vin.
He helps us.,Il nous aide.
He is drunk.,Il est ivre.
He is drunk.,Il est soûl.
He is eight.,Il a huit ans.
He is hated.,Il est haï.
He is nasty.,Il est méchant.
He is young.,Il est jeune.
He likes me.,Il m'aime bien.
He likes me.,Il m'apprécie.
He loves me.,Il m'aime.
He loves us.,Il nous aime.
He's mine.,Il est à moi.
Who talked?,Qui a parlé?
He resigned.,Il démissionna.
He squinted.,Il a louché.
He stood up.,Il se mit debout.
He stood up.,Il se dressa.
He stood up.,Il s'est levé.
He was busy.,Il était occupé.
He's a hunk.,C'est un beau mec.
He's a hunk.,C'est un beau gosse.
He's a jerk.,C'est un pauvre type.
He's a liar.,C'est un menteur.
He's a nerd.,C'est un binoclard.
He's a slob.,C'est un flemmard.
He's asleep.,Il est endormi.
He's coming.,Il arrive.
He's coming.,Il est en train d'arriver.
He's crying.,Il est en train de pleurer.
He's faking.,Il simule.
He's loaded.,Il est blindé.
Fairy tales.,Contes de fées.
Fairy tale.,Conte de fée.
The flu.,La grippe.
Has been praised.,A été félicité.
Immune cells.,Cellules immunitaires.
He's loaded.,Il est pété de thune.
He's loaded.,Il est plein aux as.
He's my age.,Il a mon âge.
He's not in.,Il n'est pas chez lui.
He's not in.,Il n'est pas à l'intérieur.
He's not in.,Il n'est pas là.
Hello again.,Re-bonjour.
Help me out.,Aide-moi à sortir.
Help me out.,Aidez-moi à sortir.
Here I come.,J'arrive.
Here I come.,Me voici.
Here she is!,La voilà!
Here we are!,Nous voilà!
Here we are!,Nous voici!
Here we are!,Nous y voilà!
Here we are.,On y est.
Here we are.,Nous y voici.
Here we are.,Nous y voilà!
Here, catch!,Ici, attrape!
How are you?,Comment vas-tu?
How are you?,Comment allez-vous?
How are you?,Ça va?
How are you?,Comment il va?
How are you?,Comment ça va?
How curious!,Comme c'est curieux!
How is life?,Comment est la vie?
I also went.,J'y suis également allé.
I am a cook.,Je suis cuisinier.
I am a monk.,Je suis un moine.
I am a twin.,J'ai un jumeau.
I am better.,Je vais mieux.
I am better.,Je suis mieux.
I am coming.,J'arrive.
I am taller.,Je suis plus grand.
I apologize.,Je vous prie de m'excuser.
I asked Tom.,J'ai demandé à Tom.
I assume so.,Je le suppose.
I bought it.,Je l'ai acheté.
I buried it.,Je l'ai enterré.
I buried it.,Je l'ai enterrée.
I burned it.,Je l'ai brûlé.
I burned it.,Je l'ai brûlée.
I buy tapes.,J'achète des cassettes.
I came back.,Je suis revenu.
I can dance.,Je sais danser.
I can do it.,Je peux le faire.
I can do it.,Je peux y arriver.
I can do it.,Je peux y parvenir.
I can do it.,J'arrive à le faire.
I can't eat.,Je ne peux pas manger.
I can't say.,Je ne puis le dire.
I can't say.,Je ne peux le dire.
I can't see.,Je n'arrive pas à voir.
I can't see.,Je ne parviens pas à voir.
I can't see.,Je suis aveugle.
I can't win.,Je ne peux gagner.
I can't win.,Je ne peux pas gagner.
I can't win.,Je ne puis gagner.
I caught it.,Je l'ai attrapé.
I caught it.,Je l'ai attrapée.
I confessed.,J'ai confessé.
I confessed.,Je l'ai confessé.
I could try.,Je pourrais essayer.
I cut class.,J'ai séché.
I didn't go.,Je n'y suis pas allé.
I didn't go.,Je n'y suis pas allée.
I didn't go.,Je ne m'y suis pas rendu.
I didn't go.,Je ne m'y suis pas rendue.
I disagreed.,J'ai marqué mon désaccord.
I dozed off.,J'ai piqué du nez.
I eat a lot.,Je mange beaucoup.
I eat alone.,Je mange seul.
I eat alone.,Je mange seule.
I eat bread.,Je mange du pain.
I eat fruit.,Je mange des fruits.
I exercised.,Je me suis entraîné.
I exercised.,Je me suis entraînée.
I feel blue.,Je me sens déprimé.
I feel blue.,Je me sens déprimée.
I feel cold.,J'ai froid.
I feel fine.,Je me sens bien.
I feel good.,Je me sens bien.
I feel lost.,Je me sens perdu.
I feel lost.,Je me sens perdue.
I feel safe.,Je me sens en sécurité.
I feel sick.,Je me sens mal.
I feel weak.,Je me sens faible.
I feel well.,Je me sens bien.
I felt dumb.,Je me suis senti idiot.
I felt dumb.,Je me suis sentie idiote.
I felt fear.,J'ai ressenti de la peur.
I felt good.,Je me sentais bien.
I felt safe.,Je me suis senti en sécurité.
I felt safe.,Je me suis sentie en sécurité.
I found you.,Je t'ai trouvé.
I got bored.,J'ai commencé à m'ennuyer.
I got dizzy.,J'ai été pris de vertiges.
I got dizzy.,J'ai été prise de vertiges.
I got fined.,On m'a mis une amende.
I got fined.,On m'a collé une amende.
I got fined.,J'ai pris une prune.
I got fined.,J'ai été verbalisé.
I got fined.,J'ai été verbalisée.
I got fined.,On m'a mis une prune.
I got fined.,Je me suis fait verbaliser.
I got fined.,J'ai pris une contravention.
I got fined.,On m'a mis une contravention.
I got fined.,J'ai pris une contredanse.
I got fined.,On m'a mis une contredanse.
I got lucky.,J'ai eu de la chance.
I got lucky.,J'ai eu du bol.
I got upset.,J'ai été contrariée.
I got upset.,Je me suis fâchée.
I got upset.,J'ai été contrarié.
I guess not.,J'imagine que non.
I guess not.,Je suppose que non.
I had to go.,Je devais y aller.
I hate dogs.,Je déteste les chiens.
I hate dogs.,Je hais les chiens.
I hate fish.,Je déteste le poisson.
I hate golf.,Je déteste le golf.
I hate milk.,Je déteste le lait.
I hate sand.,Je déteste le sable.
I hate sand.,Je hais le sable.
I hate that.,Je déteste ça.
I hate them.,Je les déteste.
I hate this.,Je déteste ça.
I hate work.,Je déteste le travail.
I have cash.,J'ai du liquide.
I have cash.,Je dispose de liquide.
I have eyes.,J'ai des yeux.
I have food.,J'ai de la nourriture.
I have food.,Je dispose de nourriture.
I have news.,J'ai des nouvelles.
I have time.,J'ai du temps.
I have time.,Je dispose de temps.
I loved you.,Je t'ai aimée.
I need that.,Il me faut ça.
I need that.,J'en ai besoin.
I have wine.,J'ai du vin.
I hesitated.,J'ai hésité.
I know that.,Je le sais.
I know them.,Je les connais.
I know this.,Je sais ça.
I know this.,Je le sais.
I like beer.,J'aime la bière.
I like blue.,J'aime le bleu.
I like blue.,J'apprécie le bleu.
I like both.,J'aime les deux.
I like both.,Les deux me plaisent.
I like cake.,J'aime les gâteaux.
I like cats.,J'aime les chats.
I like cats.,J'aime les chats.
I like dogs.,J'aime les chiens.
I like jazz.,J'apprécie le jazz.
I like math.,J'aime les maths.
I like milk.,J'aime le lait.
I like rice.,J'aime le riz.
I like rock.,J'aime le rock.
I like that.,J'aime cela.
I like that.,J'apprécie cela.
I like them.,Je les apprécie.
I like this.,Je l'apprécie.
I like this.,J'apprécie ceci.
I liked Tom.,J'ai aimé Tom.
I live here.,J'habite ici.
I love Mary.,J'aime Mary.
I love dogs.,J'adore les chiens.
I love golf.,J'adore le golf.
I love kids.,J'adore les enfants.
I love life.,J'adore la vie.
I love soup.,J'adore la soupe.
I loved you.,Je t'aimais.
I loved you.,Je t'ai aimé.
I made rice.,J'ai fait du riz.
I messed up.,J'ai merdé.
I messed up.,J'ai foiré.
I messed up.,J'ai dégueulassé.
I messed up.,J'ai sali.
I messed up.,J'ai mis la pagaille.
I messed up.,J'ai mis le souk.
I must hide.,Je dois me cacher.
I must obey.,Il me faut obéir.
I must obey.,Je dois obéir.
I nailed it.,C'est dans la poche!
I nailed it.,Je l'ai cloué.
I nailed it.,J'ai mis la main dessus.
I need food.,Il me faut de la nourriture.
I need glue.,J'ai besoin de colle.
I need more.,Il m'en faut davantage.
I need more.,Il m'en faut plus.
I need some.,J'en ai besoin.
I need that.,C'est ce qu'il me faut.
I need them.,J'ai besoin d'eux.
I need them.,J'ai besoin d'elles.
I need time.,Il me faut du temps.
I need time.,J'ai besoin de temps.
I never bet.,Je ne parie jamais.
I never bet.,Je n'ai jamais parié.
I never cry.,Je ne pleure jamais.
I never win.,Je ne gagne jamais.
I never win.,Jamais je ne l'emporte.
I often ski.,Je skie souvent.
I oppose it.,J'y suis opposé.
I oppose it.,Je m'y oppose.
I pay taxes.,Je paie des impôts.
I pay taxes.,Je paye des accises.
I protested.,J'ai protesté.
I read lips.,Je lis sur les lèvres.
I recovered.,Je me suis remis.
I recovered.,Je me suis remise.
I recovered.,Je m'en suis remis.
I recovered.,Je m'en suis remise.
I said stop.,J'ai dit stop.
I said that.,J'ai dit ça.
I saved you.,Je t'ai sauvé.
I saved you.,Je t'ai sauvée.
I saved you.,Je vous ai sauvé.
I saved you.,Je vous ai sauvée.
I saved you.,Je vous ai sauvées.
I saved you.,Je vous ai sauvés.
I saw a dog.,J'ai vu un chien.
I sell cars.,Je vends des voitures.
I should go.,Je devrais partir.
I should go.,Je devrais y aller.
I smell gas.,Je sens le gaz.
I struggled.,J'ai lutté.
I succeeded.,J'ai réussi.
I surrender.,Je me rends.
I thank you.,Je te remercie.
I trust her.,Je lui fais confiance.
I trust him.,J'ai confiance en lui.
I trust him.,Je lui fais confiance.
I trust you.,Je me fie à toi.
I trust you.,J'ai confiance en toi.
I waited up.,J'ai veillé.
I want Mary.,Je veux Mary.
I want cash.,Je veux du liquide.
I want eggs.,Je veux des oufs.
I want kids.,Je veux des enfants.
I want mine.,Je veux le mien.
I want mine.,Je veux la mienne.
I want more.,J'en veux davantage.
I want more.,Je veux davantage.
I want soup.,Je veux de la soupe.
I want that.,Je le veux.
I want that.,Moi je veux ça.
I want them.,Je les veux.
I want this.,Je veux ceci.
I want time.,Je veux du temps.
I was alone.,J'étais seul.
I was alone.,Je me trouvais seul.
I was alone.,Je me trouvais seule.
I was bored.,Je m'ennuyais.
I was broke.,J'étais sans le sou.
I was dizzy.,J'avais la tête qui tournait.
I was dizzy.,La tête me tournait.
I was drunk.,J'étais ivre.
I was fired.,J'ai été licencié.
I was fired.,J'ai été viré.
I was fired.,On m'a saqué.
I was hired.,J'ai été engagé.
I was lucky.,J'ai eu de la chance.
I was moved.,J'étais ému.
I was naive.,J'étais crédule.
I was naive.,J'ai été crédule.
I was naive.,Je fus crédule.
I was naive.,J'ai été naïf.
I was naive.,J'ai été naïve.
I was naive.,J'étais naïf.
I was naive.,J'étais naïve.
I was ready.,J'étais prête.
I was ready.,J'y étais prêt.
I was ready.,J'y étais prête.
I was sober.,J'étais sobre.
I was sorry.,Je fus désolé.
I was sorry.,Je fus désolée.
I was there.,J'y étais.
I was there.,Je m'y trouvais.
I was there.,J'étais là.
I was there.,Je me tenais là.
I was third.,J'étais troisième.
I was tired.,J'étais fatigué.
I was tired.,J'étais fatiguée.
I was wrong.,J'avais tort.
I was wrong.,J'eus tort.
I was wrong.,J'ai eu tort.
I washed it.,Je l'ai lavé.
I washed it.,Je l'ai lavée.
I went home.,J'allais à la maison.
I went, too.,J'y suis également allé.
I went, too.,J'y suis allé, également.
I went, too.,J'y suis allé aussi.
I will come.,Je viendrai.
I will help.,J'aiderai.
I will obey.,J'obéirai.
I will wait.,J'attendrai.
I will walk.,Je marcherai.
I will work.,Je vais travailler.
I will work.,Je travaillerai.
I won again.,J'ai à nouveau gagné.
I won't cry.,Je ne pleurerai pas.
I won't cry.,Je ne crierai pas.
I won't die.,Je ne vais pas mourir.
I work here.,Je travaille ici.
I'll attend.,Je serai présent.
I'll attend.,J'y assisterai.
I'll buy it.,Je l'achèterai.
I'll cancel.,J'annulerai.
I'll change.,Je changerai.
I'll decide.,J'en déciderai.
I'll decide.,Je le déciderai.
I'll get in.,J'arriverai à entrer.
I'll get it.,Je vais aller le chercher.
I'll get it.,J'irai le chercher.
I'll get up.,Je me lèverai.
I'll go now.,J'y vais maintenant.
I'll go see.,J'irai voir.
I'll manage.,Je m'en sortirai.
I'll scream.,Je crierai.
I'll try it.,Je l'essayerai.
I'll try it.,Je le tenterai.
I'm 17 too.,J'ai également dix-sept ans.
I'm a baker.,Je suis boulanger.
I'm a baker.,Je suis boulangère.
I'm a child.,Je suis un enfant.
I'm a medic.,Je suis toubib.
I'm all set.,Je suis tout à fait prêt.
I'm all set.,Je suis tout à fait prête.
I'm ashamed.,J'ai honte.
I'm at home.,Je suis à la maison.
I'm at home.,Je suis dans la maison.
I'm at work.,Je suis au travail.
I'm baffled.,Je suis perplexe.
I'm blessed.,Je suis béni.
I'm blessed.,Je suis bénie.
I'm careful.,Je suis prudent.
I'm careful.,Je suis prudente.
I'm certain.,Je suis sûr.
I'm certain.,Je suis certain.
I'm chicken.,J'ai les foies.
I'm chicken.,J'ai les chocottes.
I'm cooking.,Je cuisine.
I'm correct.,J'ai raison.
I'm curious.,Je suis curieux.
I'm curious.,Je suis curieuse.
I'm dancing.,Je suis en train de danser.
I'm dieting.,Je suis au régime.
I'm driving.,Je suis en train de conduire.
I'm driving.,Je conduis.
I'm engaged.,Je suis fiancé.
I'm engaged.,Je suis fiancée.
I'm excited.,Je suis excité.
I'm excited.,Je suis excitée.
I'm falling.,Je tombe.
I'm fasting.,Je fais la diète.
I'm fasting.,Je suis à la diète.
I'm finicky.,Je suis méticuleux.
I'm finicky.,Je suis méticuleuse.
I'm frantic.,Je suis affolé.
I'm frantic.,Je suis affolée.
I'm furious.,Je suis furieux.
I'm healthy.,Je suis en bonne santé.
I'm humming.,Je fredonne.
I'm in love.,Je suis amoureux.
I'm in love.,Je suis amoureuse.
I'm in luck.,Je suis veinard.
I'm in luck.,Je suis veinarde.
I'm jealous.,Je suis jalouse.
I'm jittery.,J'ai la frousse.
I'm kidding.,Je plaisante.
I'm kidding.,Je rigole!
I'm kidding.,Je blague!
I'm leaving.,Je pars.
I'm married.,Je suis marié.
I'm married.,Je suis mariée.
I'm nervous.,Je suis nerveux.
I'm nervous.,Je suis nerveuse.
I'm neutral.,Je suis neutre.
I'm no fool.,Je ne suis pas une idiote.
I'm no hero.,Je ne suis pas un héros.
I'm no liar.,Je ne suis pas un menteur.
I'm not Tom.,Je ne suis pas Tom.
I'm not fat.,Je ne suis pas gros.
I'm not mad.,Je ne suis pas fou.
I'm not mad.,Je ne suis pas folle.
I'm not old.,Je ne suis pas vieux.
I'm not old.,Je ne suis pas vieille.
I'm not sad.,Je ne suis pas triste.
I'm not shy.,Je ne suis pas timide.
I'm on duty.,Je suis en service.
I'm patient.,Je suis patiente.
I'm patient.,Je suis patient.
I'm popular.,Je suis populaire.
I'm psyched.,Je suis remonté.
I'm psychic.,Je suis voyant.
I'm psychic.,Je suis voyante.
I'm puzzled.,Je suis perplexe.
I'm reading.,Je lis.
I'm relaxed.,Je suis détendu.
I'm relaxed.,Je suis détendue.
I'm retired.,Je suis retraité.
I'm retired.,Je suis retraitée.
I'm retired.,Je suis pensionné.
I'm retired.,Je suis pensionnée.
I'm selfish.,Je suis égoïste.
I'm serious.,Je suis sérieux.
I'm shocked.,Je suis choqué.
I'm shocked.,Je suis choquée.
I'm sincere.,Je suis sincère.
I'm sloshed.,Je suis bourré.
I'm sloshed.,Je suis bourrée.
I'm smashed.,Je suis fracassé!
I'm so cold.,J'ai tellement froid.
I'm so full.,Je suis tellement rassasié.
I'm so glad.,Je suis si heureux.
I'm starved.,Je meurs de faim!
I'm starved.,J'ai l'estomac dans les talons.
I'm starved.,J'ai la dalle.
I'm starved.,J'ai les crocs.
I'm staying.,Je reste.
I'm stuffed.,Je suis gavé.
I'm stuffed.,Je suis gavée.
I'm stunned.,Je suis sidéré.
I'm stunned.,Je suis sidérée.
I'm talking.,Je suis en train de discuter.
I'm teasing.,Je taquine.
I'm thirsty.,J'ai soif.
I'm through.,J'en ai fini.
I'm through.,J'en ai terminé.
I'm too fat.,Je suis trop gros.
I'm touched.,Je suis touché.
I'm touched.,Je suis touchée.
I'm trapped.,Je suis piégée.
I'm trapped.,Je suis piégé.
I'm unarmed.,Je suis désarmé.
I'm unhappy.,Je suis mécontent.
I'm unhappy.,Je suis mécontente.
I'm unlucky.,J'ai la schcoumoune.
I'm wealthy.,Je suis riche.
I'm wealthy.,Je suis fortuné.
I'm wealthy.,Je suis fortunée.
I'm winning.,Je gagne.
I'm winning.,Je l'emporte.
I'm working.,Je suis en train de travailler.
I'm worried.,Je me fais du souci.
I've failed.,J'ai échoué.
Ignore that.,Ne faites pas attention à ça.
Ignore that.,Ignore ça.
Ignore that.,Ignorez ça.
Ignore that.,N'en tenez pas compte.
Ignore them.,Ignore-les.
Ignore them.,Ignorez-les.
Is Tom here?,Est-ce que Tom est ici?
Is Tom hurt?,Tom est-il blessé?
Is Tom lazy?,Est-ce que Tom est paresseux?
Is Tom lazy?,Tom est-il paresseux?
Is Tom rich?,Est-ce que Tom est riche?
Is Tom rich?,Tom est-il riche?
Is Tom safe?,Tom est-il en sécurité?
Is Tom safe?,Tom ne risque-t-il rien?
Is Tom safe?,Tom est-il à l'abri?
Is Tom sure?,Est-ce que Tom est sûr?
Is Tom well?,Est-ce que Tom va bien?
Is Tom well?,Est-ce que Tom va bien?
Is Tom well?,Tom va-t-il bien?
Is he right?,A-t-il raison?
Is it clean?,Est-ce propre?
Is it clear?,Est-ce clair?
Is it dirty?,Est-ce sale?
Is it dirty?,Est-ce sale?
Is it fatal?,Est-ce fatal?
Is it legal?,Est-ce légal?
Is it ready?,Est-ce prêt?
Is it to go?,Ça doit partir?
Is it to go?,Cela doit-il partir?
Is it to go?,À emporter?
Is it yours?,Est-ce à toi?
Is it yours?,Est-ce à vous?
Is it yours?,Vous appartient-il?
Is it yours?,Est-ce le vôtre?
Is it yours?,Est-ce le tien?
Is it yours?,Est-ce la tienne?
Is it yours?,Est-ce la vôtre?
Is she gone?,S'en est-elle allée?
Is that Tom?,Est-ce Tom?
Is that all?,C'est tout?
Is that you?,Est-ce toi?
Is that you?,Est-ce vous?
Is that you?,Est-ce que c'est vous?
Is this art?,Est-ce de l'art?
It can't be!,C'est pas possible!
It happened.,C'est arrivé.
It is foggy.,Il y a du brouillard.
It may rain.,Il pourrait pleuvoir.
Nice timing.,Moins une!
It was fair.,C'était juste.
It was flat.,Il était plat.
It was flat.,Elle était plate.
It was hard.,C'était dur.
It was hard.,C'était difficile.
It was long.,C'était long.
It'll break.,Il va se briser.
It'll break.,Ça va casser.
It'll break.,Ça va se biser.
It'll break.,Ça va rompre.
Nice timing.,Tout juste!
It's Monday.,Nous sommes lundi.
It's a doll.,C'est une poupée.
It's a fact.,C'est un fait.
It's a fake.,C'est un faux.
It's a fake.,C'est une contrefaçon.
It's a rule.,C'est une règle.
It's a rule.,Il s'agit d'une règle.
It's a scam.,C'est une arnaque.
It's a scam.,Il s'agit d'une arnaque.
It's a sign.,C'est un signe.
It's a song.,C'est une chanson.
It's all OK.,Tout est d'équerre.
It's all OK.,C'est tout bon.
It's broken.,C'est cassé.
It's cloudy.,Le temps est couvert.
It's ironic.,C'est ironique.
It's locked.,C'est verrouillé.
It's my job.,C'est mon métier.
It's my job.,C'est mon emploi.
It's no use.,Ça ne sert à rien.
It's not us.,Ce n'est pas nous.
It's poison.,C'est du poison.
It's secret.,C'est secret.
It's silent.,C'est silencieux.
It's spring.,C'est le printemps.
It's stupid.,C'est bête.
It's urgent.,C'est urgent.
It's warmer.,C'est plus chaud.
It's warmer.,Il fait plus chaud.
Just say no.,Dites simplement non!
Just say no.,Dis simplement non!
Keep trying.,Continue à essayer.
Keep trying.,Continue d'essayer.
Keep trying.,Continuez à essayer.
Keep trying.,Continuez d'essayer.
Let me help.,Laisse-moi t'aider!
Let me help.,Laissez-moi vous aider!
Let me know.,Fais-le moi savoir!
Let me know.,Avise-moi!
Let me talk.,Laisse-moi parler.
Let me talk.,Laissez-moi parler.
Let me talk.,Laissez-moi parler.
Let's begin.,Commençons!
Let's dance.,Dansons.
Let's do it!,Faisons-le!
Let's do it!,Faisons-le!
Let's do it!,On s'y met!
Let's do it!,Mettons-nous y!
Let's do it.,Faisons-le.
Let's drink.,Buvons!
Let's hurry.,Dépêchons-nous.
Let's party.,Célébrons.
Let's party.,Faisons la fête.
Let's split.,Divisons-nous!
Let's split.,Séparons-nous!
Let's start!,Commençons!
Let's start.,Commençons.
Life is fun.,La vie est amusante.
Look around.,Regarde autour de toi.
Look around.,Regardez autour de vous.
Lunch is on.,Le déjeuner est prêt.
Make a list.,Fais une liste!
Make a list.,Faites une liste!
Make a wish.,Fais un souhait!
Make a wish.,Faites un souhait!
Many thanks.,Merci beaucoup!
Many thanks.,Merci vraiment.
Many thanks.,Merci bien.
Many thanks.,Grand merci.
Many thanks.,Mille mercis.
May I begin?,Puis-je commencer?
Memorize it.,Mémorise-le.
Memorize it.,Mémorise-la.
Memorize it.,Mémorisez-le.
Memorize it.,Mémorisez-la.
Money talks.,L'argent est roi.
Need a lift?,T'as besoin d'un chauffeur?
Nice timing.,Bien calculé!
Nice timing.,Pile poil!
Nice timing.,Pile à l'heure!
No one came.,Personne n'est venu.
No one came.,Personne ne vint.
No one died.,Personne n'est mort.
No one knew.,Personne ne savait.
No one left.,Personne ne partit.
No one left.,Personne n'est parti.
Nobody came.,Personne n'est venu.
Nobody came.,Personne ne vint.
Now I'm sad.,Maintenant je suis attristé.
Now we wait.,Maintenant nous attendons.
OK. I agree.,Bien. Je suis d'accord.
Oh come on.,Oh viens.
Pick a card.,Pioche une carte!
Pick a card.,Piochez une carte!
Pick a date.,Choisissez une date!
Pick a date.,Choisis une date!
Plants grow.,Les plantes poussent.
Plants grow.,Les plantes croissent.
Please come.,Viens s'il te plait.
Please come.,S'il te plait viens.
Please come.,Venez je vous prie.
Please come.,Veuillez venir.
Please sing.,Chante je te prie!
Please sing.,Chantez je vous prie!
Please sing.,S'il te plaît chante!
Please sing.,S'il vous plaît chantez!
Please sing.,Veuillez chanter!
Please stay.,Reste s'il te plaît.
Please stay.,Restez s'il vous plaît.
Please stop.,S'il te plaît arrête.
Please stop.,S'il vous plaît arrêtez.
Please stop.,Arrêtez s'il vous plaît.
Please stop.,Arrête s'il te plaît.
Please stop.,Veuillez arrêter.
Please stop.,Merci d'arrêter.
Please wait.,Veuillez patienter un instant.
Put it back.,Remets-le en place!
Put it down.,Laisse-le!
Put it down.,Pose-le!
Release him.,Relâche-le!
Release him.,Relâchez-le!
Remember it.,Souviens-en-toi.
Remember it.,Souvenez-vous-en.
Say goodbye.,Dis au revoir.
Say goodbye.,Dites au revoir.
Send him in.,Envoie-le!
Send him in.,Envoyez-le!
Shall we go?,Y allons-nous?
She blushed.,Elle a rougi.
She fainted.,Elle est tombée dans les pommes.
She hit him.,Elle le frappa.
She hit him.,Elle l'a frappé.
She is dead.,Elle est morte.
She is kind.,Elle est gentille.
She is late.,Elle est en retard.
She woke up.,Elle se réveille.
She's a dog.,C'est une enfoirée.
She's a fox.,C'est un renard.
Should I go?,Devrais-je y aller?
Should I go?,Devrais-je partir?
Sleep tight.,Dors bien.
Sleep tight.,Dormez bien.
Stand aside.,Reste à l'écart.
Stand aside.,Restez à l'écart.
Stand aside.,Écarte-toi.
Stand aside.,Écartez-vous.
Stand still!,Pas un geste!
Stand still!,Tiens-toi tranquille!
Start again.,Recommence.
Stay in bed.,Restez au lit!
Stay in bed.,Reste alité!
Stay in bed.,Reste alitée!
Stay in bed.,Restez alité!
Stay in bed.,Restez alitée!
Stay in bed.,Restez alités!
Stay in bed.,Restez alitées!
Stay inside.,Reste à l'intérieur!
Step inside.,Avance à l'intérieur.
Step inside.,Avancez à l'intérieur.
Stop crying.,Arrête de pleurer!
Stop crying.,Arrêtez de pleurer!
Stop trying.,Arrête d'essayer.
Take a bath.,Prends un bain!
Take a bite.,Croque!
Take a bite.,Prends une bouchée!
Take a bite.,Prenez une bouchée!
Take a bite.,Croquez!
Take a card.,Prends une carte.
Take a card.,Prenez une carte.
Take a look.,Regarde!
Take a look.,Regardez!
Take a look.,Jette un oil!
Take a look.,Jetez un oil!
Take a rest.,Reposez-vous.
Take a rest.,Repose-toi.
Take a seat.,Assieds-toi!
Take a seat.,Prenez place!
Take a seat.,Prends place!
Take a seat.,Assieds-toi.
Take a walk.,Va marcher!
Take a walk.,Allez marcher!
Take it all.,Prends tout!
Take it all.,Prenez tout!
Tea please.,Du thé s'il vous plaît.
That helped.,Cela a aidé.
That is all.,C'est tout.
That worked.,Ça a fonctionné.
That worked.,Ça a marché.
That's cool.,C'est super.
That's cool.,C'est cool.
That's easy.,C'est simple.
That's free.,C'est gratuit.
That's hard.,C'est dur.
That's hers.,Ce sont les siens.
That's hers.,C'est le sien.
That's hers.,C'est la sienne.
That's hers.,C'est à elle.
That's icky.,C'est collant.
That's icky.,C'est gnangnan.
That's lame.,C'est minable.
That's lame.,C'est faible.
That's life.,C'est la vie.
That's mine.,C'est le mien.
That's mine.,C'est la mienne.
That's true.,C'est exact.
That's ugly.,C'est laid.
That's wise.,C'est sage.
The TV's on.,La télé est allumée.
There he is.,Le voilà.
There he is.,Le voici.
There it is.,Il est là.
They burned.,Ils ont brûlé.
They burned.,Elles ont brûlé.
They got it.,Ils l'ont eu.
They got it.,Ils l'ont eue.
They hugged.,Ils se sont enlacés.
They hugged.,Elles se sont enlacées.
They kissed.,Ils se sont embrassés.
They obeyed.,Ils ont obéi.
They smiled.,Ils ont souri.
They smiled.,Elles ont souri.
They're bad.,Ils sont mauvais.
They're bad.,Elles sont mauvaises.
They're old.,Ils sont vieux.
They're old.,Elles sont vieilles.
Think again.,Repenses-y.
This is bad.,Ça pue.
This is bad.,C'est pas bon.
This is bad.,Ce n'est pas bon.
This is big.,C'est gros.
This is big.,C'est grand.
This is his.,C'est le sien.
This is his.,C'est la sienne.
This is new.,C'est nouveau.
This is new.,C'est neuf.
This is odd.,C'est bizarre.
This stinks.,Ça pue.
Tom blinked.,Tom a cligné des yeux.
Tom blushed.,Tom a rougi.
Tom changed.,Tom a changé.
Tom drowned.,Tom se noya.
Tom drowned.,Tom s'est noyé.
Tom inhaled.,Tom inspira.
Tom is bald.,Tom est chauve.
Tom is hurt.,Tom est blessé.
Tom is nuts.,Tom est malade mental.
Tom is rude.,Tom est impoli.
Tom is safe.,Tom est en sécurité.
Tom is sexy.,Tom est sexy.
Tom is slow.,Tom est lent.
Tom is tall.,Tom est grand.
Tom is weak.,Tom est faible.
Tom is wise.,Tom est raisonnable.
Tom laughed.,Tom rit.
Tom left me.,Tom m'a quittée.
Tom listens.,Tom écoute.
Tom refused.,Tom a refusé.
Tom said hi.,Tom a dit bonjour.
Tom said no.,Tom a dit non.
Tom sweated.,Tom a transpiré.
Tom took it.,Tom l'a pris.
Tom'll call.,Tom appellera.
Tom'll come.,Tom va venir.
Tom'll come.,Tom viendra.
Tom'll quit.,Tom va arrêter.
Tom's alive.,Tom est vivant.
Tom's alive.,Tom est en vie.
Tom's alone.,Tom est tout seul.
Tom's alone.,Tom est seul.
Tom's angry.,Tom est en colère.
Tom's awake.,Tom est réveillé.
Tom's bored.,Tom s'ennuie.
Tom's crazy.,Tom est dérangé.
Tom's drunk.,Tom est saoul.
Tom's drunk.,Tom est ivre.
Tom's dying.,Thomas est mourant.
Tom's funny.,Tom est drôle.
Tom's funny.,Tom est rigolo.
Tom's funny.,Tom est marrant.
Tom's lying.,Tom ment.
Tom's sorry.,Tom est désolé.
Tom's wrong.,Tom a tort.
Try to rest.,Essayez de vous reposer.
Turn around.,Faites demi-tour.
Turn around.,Fais demi-tour.
Turn it off.,Éteins-le!
Turn it off.,Éteignez-le!
Wait for us.,Attends-nous!
Wait for us.,Attendez-nous!
Wake Tom up.,Réveille Tom!
Walk slowly.,Marche lentement.
Walk slowly.,Marchez lentement.
War is evil.,La guerre est mauvaise.
War is hell.,La guerre, c'est l'enfer.
Was I wrong?,Avais-je tort?
Was I wrong?,Ai-je eu tort?
Was it good?,Était-ce bon?
Was it good?,C'était bon?
We all know.,Nous le savons tous.
We all know.,Nous le savons toutes.
We all quit.,Nous démissionnons tous.
We all quit.,Nous démissionnons toutes.
We all quit.,Nous arrêtons toutes.
We all quit.,Nous arrêtons tous.
We all work.,Nous travaillons tous.
We all work.,Nous travaillons toutes.
We are here.,Nous sommes ici.
We are here.,Nous y sommes.
We broke up.,Nous nous sommes séparés.
We broke up.,Nous nous sommes séparées.
We broke up.,Nous nous séparâmes.
We broke up.,Nous éclatâmes de rire.
We broke up.,Nous avons éclaté de rire.
We broke up.,Nous avons rompu.
We can meet.,Nous pouvons nous rencontrer.
We can talk.,Nous pouvons discuter.
We can wait.,Nous pouvons attendre.
We can't go.,Nous ne pouvons y aller.
We can't go.,Nous ne pouvons nous y rendre.
We can't go.,Nous ne pouvons pas y aller.
We can't go.,Nous ne pouvons pas nous y rendre.
We can't go.,Nous ne pouvons pas partir.
We did fine.,Nous nous en sommes bien tirés.
We did fine.,Nous nous en sommes bien tirées.
We did that.,Nous avons fait cela.
We did that.,On a fait ça.
We found it.,Nous l'avons trouvé.
We know him.,Nous le connaissons.
We know him.,On le connaît.
We like Tom.,Nous aimons bien Tom.
We like Tom.,Nous aimons Tom.
We like Tom.,Nous apprécions Tom.
We like him.,Nous l'apprécions.
We like him.,Nous l'aimons bien.
We miss you.,Tu nous manques.
We must act.,Il nous faut agir.
We must run.,Il nous faut courir.
We must try.,Il nous faut essayer.
We need Tom.,Nous avons besoin de Tom.
We need you.,On a besoin de toi.
We need you.,Nous avons besoin de vous.
We promised.,Nous promîmes.
We promised.,Nous avons promis.
We remember.,Nous nous souvenons.
We remember.,Nous nous en souvenons.
We survived!,Nous avons survécu!
We survived.,Nous survécûmes.
We survived.,Nous avons survécu.
We want Tom.,Nous voulons Tom.
We want one.,Nous en voulons un.
We want one.,Nous en voulons une.
We'll check.,Nous vérifierons.
We'll dance.,Nous danserons.
We'll drive.,Nous conduirons.
We'll fight.,Nous combattrons.
We'll hurry.,Nous nous dépêcherons.
We'll share.,Nous partagerons.
We'll shoot.,Nous tirerons.
We'll start.,Nous commencerons.
We're alone.,Nous sommes seuls.
We're alone.,Nous sommes seules.
We're angry.,Nous sommes en colère.
We're armed.,Nous sommes armés.
We're armed.,Nous sommes armées.
We're bored.,Nous nous ennuyons.
We're broke.,Nous sommes fauchés.
We're broke.,Nous sommes fauchées.
We're broke.,On est fauchés.
We're dying.,Nous sommes en train de mourir.
We're early.,Nous sommes en avance.
We're going.,Nous irons.
We're happy.,Nous sommes heureux.
We're ready.,Nous sommes prêtes.
We're saved.,Nous sommes sauvés.
We're saved.,Nous sommes sauvées.
We're smart.,Nous sommes intelligents.